Z,X,Y,W
0.0,0.0,0.0,0.0
-1.0399841062404955,0.1881129432782428,-0.3902070377307673,0.3752255979032286
-0.016801157504288795,-1.7014487446974593,0.25785027022920737,-0.22014788494001428
-0.8592924628832382,-1.0418131714911074,-1.2052911523311156,0.06329405532424155
1.2225413386740303,-2.182221831111824,-1.4075043381558172,-0.04245301060606822
0.43082100300788273,1.298556524207835,-2.6739573802924568,1.047474644601893
-0.11394745765487507,1.4641392186054616,0.21365380184441257,0.15603281604977715
0.23216132306671977,0.7461686314500581,1.7864114812758138,0.14416095339774154
0.28911939868998415,0.5815694860740939,1.447096379794467,0.3949326372880281
1.4949413112343959,1.1449838767585117,0.9203366194742342,-0.21570260733820615
0.711226579792855,3.386416088686576,1.245953151601368,0.27803718356394924
-1.1332872140034806,3.1937314933604224,3.615576685873319,-0.30680569204063357
0.6255903939673367,-0.9626975171250073,3.9846387811443043,-0.32341640048246767
0.4869724807855818,0.6700802152179046,0.9205583799838095,-0.41258019036671917
-0.42329831204415375,0.5575648245780641,0.3139476123937652,-0.2667782101548951
-0.9054790553600608,-0.6347285744782651,0.24507195124896397,-0.3358092926048872
-0.9500220549105812,-2.0920902418361482,-0.9382668949752476,-0.3542116488829692
-1.4460578543884546,-3.127011992911995,-2.333590298480452,-0.15875165302869831
-1.023497492621865,-4.49427262161538,-3.675239166065737,0.0023244083123740017
-1.188763054322851,-4.464244785219277,-5.7614632457013295,-0.31859734180306815
-1.4708062945026579,-4.232599703213619,-6.12850742513239,-0.6830180785954583
-0.9895381200318641,-4.836000428013614,-6.561386573134153,-1.4416830835931567
1.0659802307876436,-4.27494361730939,-7.3582952895189,-0.7144014122535639
1.767929913579883,0.3653475536337023,-7.084230257061288,-0.32778351600301725
2.1284697324351645,3.8586985952118362,-3.0672091025367028,-0.5909742734138526
-0.040762526135434025,5.876990395609069,1.6030751363173865,-0.6524296980923141
1.579091256410435,2.322110529248433,5.556708444248237,-0.27884052716405366
1.1062887100598888,4.413842941219268,4.41451912905466,0.061015929290577225
1.723665720783297,4.007148082775014,5.91556776989318,-0.05620084553148285
-0.3946051228595896,5.4506120890126875,6.368348866472719,-0.033471398402351214
-2.0501721010310225,1.8010591439911057,7.561154657201932,-0.042768470086352144
-1.326392717739564,-3.029348603702026,5.225238119491654,-0.008206912250284958
-0.15450567924990047,-3.603698736973822,0.2819755324260842,-0.35248510757300827
0.22822833013890514,-0.9936342394718372,-2.545230978537925,1.0648702096018057
0.3156050035903405,0.5024682430960278,-1.4818085737774211,1.18860542572511
-0.5294394273660737,1.256565769271289,-0.17316396629163533,0.21530259506501642
-1.0967855784546396,0.08460070841306006,0.7528553264093376,1.036873191446416
-0.9868570784282374,-2.1316683090031123,0.36601372783656816,0.44764133232447395
-0.23817374397466523,-2.6846979187485864,-1.5564443296559551,0.11300898777398313
0.35175640839920347,-1.8448946262577102,-3.287154739479847,0.08873261706462442
1.5733549024752425,-0.36756785178588036,-3.358129004311033,0.24172621566379382
-1.7445859869741926,3.456131451155933,-1.6617337509746377,0.596668659394177
-0.292171185803555,-1.5368158238361758,2.6679365206978662,0.2764236286338169
0.17651242137244696,-1.0297102072672177,-0.13648417111199634,0.3000299905921491
0.8638280136981883,0.08377169311100555,-0.940869942516194,0.0007538832642350612
1.732311605409944,1.6637093837363417,-0.19285987110027675,0.5891205802841761
0.06654581585920483,4.4753842510886965,1.1558803402262763,-0.02469559249384151
0.7508689887312598,2.2112647336905904,3.9279099661511063,0.896740502951788
1.5112284332767216,2.670059325998898,3.757429339208281,0.8119741820723314
0.31200947155124387,4.496475738415959,3.6528756087412932,1.0242418181931305
1.6162096816512073,2.5686505219630655,5.623417847757436,-0.4682861383961495
0.846583985843404,4.47898612986957,4.855506580047793,-0.5430292068787795
-0.8633452647393817,3.669968217515176,6.060555938158875,-0.37243040390350524
1.4814555476589732,-0.18586335850396146,5.9409758719766685,-0.57663083655321
0.8567939825665268,2.960528957985708,2.951418981460076,0.1037630733407654
-0.45769943095682564,3.6351108881728638,3.8515110027072366,0.11100991250893749
0.43963660601699356,1.3510265891931754,5.1158417449500435,0.3231493732863011
0.45938577171661177,1.8215826923606893,3.9092272318949264,0.5287089684181007
-0.17961141383145854,2.0800312656187883,3.406191123954159,0.38917798095843403
0.829519042024073,0.30677874037099123,2.9936574661871824,-0.7824822959999392
-0.28488406638257474,1.8219363335057939,1.680449332501656,-0.33147022182904057
-0.8373982238274621,-0.0006817577686336063,2.1725436397908515,-0.47950879810534
-1.38218151537704,-1.865200552335509,1.0900160356419921,-0.06731610482797754
-0.605000712808731,-3.411841941079126,-0.8199580882999261,-0.30397397684216493
0.3619218539288437,-2.3595715578536005,-3.110102381599026,0.49314514050089275
0.3833771131824704,0.2472515631316643,-2.4995195063710245,0.20566106217381858
1.0762401574663856,1.5323017134686103,-0.3321223096250481,-0.3097169321880734
-2.0729834359912918,3.1538778717077984,1.4979599424893142,-0.7290363691982443
0.34770845245095694,-2.8772966831992233,3.2982412090777666,-0.604509121234197
-1.141938226142404,-0.35359164933592435,-1.1906374802266437,-0.32931048549767417
-0.056783194392691534,-2.57016837922617,-0.7215587016411267,-0.266324557605823
0.36653140723722993,-1.0431023398398558,-2.434832445454469,-0.2896028734610486
-1.9908119951239978,0.8449159354227749,-1.494797865010583,-0.9068119955171793
-0.5434955079326346,-3.454479387187151,-0.006439373527435344,0.7114609085892525
0.09947747301573849,-2.8299604362694355,-3.2168910724571775,0.34825317381356463
1.6289369476239914,-1.6000369289041814,-3.9338810336422037,-0.29353551422824575
1.4550455762707113,2.4271239423168876,-2.9797133499623176,-0.09570162442280908
0.4523339506431387,3.937060802451771,0.42169977530028757,-0.8355154295228022
-1.686468151234102,2.3759355803079107,3.1504783935757312,-0.8726482194195175
-1.0085360419431078,-2.6298705605303434,3.0556296446242275,-0.1265317002312093
-0.0870941710525099,-3.5748189112791398,-1.2904087295682507,-0.2231340442944535
0.3342951284977145,-1.7107965235437865,-3.2140757059662004,-0.09715269508586855
0.5484279208297995,-0.22580119395449166,-2.7490147273660974,0.040552811445824524
-1.4548224852577891,1.2534517094072386,-1.4708747010213807,0.6903970963012889
-0.2937789201521298,-2.058809438537613,0.9469026099047062,-0.15634810774772068
1.6111161484996208,-1.6915699292206485,-1.1869771441730825,-0.697178615531198
-0.520588412855411,2.2995321376619287,-2.5367922017960525,0.022852405334663373
-0.6275875364369197,-0.05945015072704969,0.8043420135468011,-0.305738818617053
-1.034308051674399,-1.4779975165866817,0.489362718680823,-0.050518294445247414
0.2416445216767513,-2.2412016105998833,-0.9219375445975488,-0.3347734626413346
0.47113629339992935,-0.35585527543657924,-1.7956406656950217,-0.4508515780350963
2.549327952607003,0.4281150837275331,-1.1392670999248686,-0.4506030006439689
0.5795611424764774,5.326780397098425,0.3254208007120805,0.014422037288860157
-0.1420032144075213,3.288199578350572,4.785241274254327,0.3155605039931537
1.6678876111195198,1.3491587927419542,5.048231845709359,-0.37831207169476905
-0.3237917042866007,3.838884451082491,3.1375050228464314,-1.0540529640170047
-1.615658339320678,1.0299833361552895,4.216592656312203,-0.3386957124465899
-1.3168302110582415,-2.9346126642861283,3.012814376182564,0.23162130631154412
0.816775867200791,-3.9530982661726703,-1.4921260259289808,0.43993431909542613
1.498374440296732,-0.41107274600780885,-4.1495503082139225,0.01254362892783406
-0.8267050469168946,2.3246395880876034,-2.4324925160017816,-0.3843091710704142
-0.24506065119070236,-1.1510471384462124,0.5588227909527921,-0.7267769042243047
-0.22153611573080054,-1.2504784971251346,-0.8262437062164855,-0.07598495196863048
-1.2158909241041307,-0.8649093929929155,-1.5011785116773149,-0.823530697517091
-2.280737845371923,-3.160418122533711,-1.2733173000542881,-1.2012612285860633
-1.1195358752705262,-5.947264461225618,-3.1248559069339494,-0.43678681736097963
0.7777673890849254,-5.38201548862873,-7.0535139928880195,0.16327139142369648
-1.8598354065456286,-0.6815814548263687,-7.390652466030564,0.13931667578663354
0.011451291670654416,-4.4345754218150555,-3.700566089049679,-0.07300818025997974
0.8550193242972788,-2.2455150652502103,-5.546078628821952,0.27965870560596207
0.3407914080021059,0.3089452300662019,-4.922997434850255,-0.7379932767738125
1.359220600295612,0.7720442292247596,-2.269023728505753,-0.2782895937976596
0.0603859284244171,3.2080073191009757,-0.22838335803597581,-0.804385335005945
0.248787309801083,1.6291220999889706,2.5128780171457894,-0.42030574520117076
0.5112218145475347,0.9821005620254571,2.5997744649090757,-0.035535829894026455
0.0389132069014598,1.1179861165304064,1.9439419678762877,-0.44206737042629013
-0.1322286565311721,0.5652712328194381,1.916680709537295,-0.8652399931648943
-0.5039577414106104,0.23102705744459773,1.4414101000399713,-0.7899150381033788
-0.4812411238654122,-0.9721914793129308,0.5858543842568675,0.2844351990013728
-0.11761085542512094,-1.9106056534726301,-0.459611863044635,0.7635342739150058
-0.7528919172286209,-1.0535074909891147,-1.438603922156502,-0.027229172385511147
0.035576476984624864,-2.085360361947447,-1.6034799937163489,0.8618694685385093
-0.7072645299514636,-0.4866361407625715,-2.1390827658465303,0.9585271428341091
0.013985221865292462,-0.9895758769672021,-1.204675084028555,0.6954814918614773
-0.05841124385868244,-0.08393069082634774,-0.7449276687086122,0.4245053221810397
-0.04658727033933937,-0.30871940072739806,-0.21425151484349317,0.3729100695231913
-0.012319292929311235,-0.3274517785218563,-0.4390906484048256,0.09461687934457819
-1.1719715929007948,-0.5945852839604788,-0.7073120589972227,-0.49462264530417327
-0.8330367227960116,-3.363303375593018,-1.4860907798772423,-0.5509068986649027
-0.862317959475543,-4.361327235394423,-4.3242492359351425,-0.06356102500546573
-0.6222074452947179,-4.47274923937593,-6.648873369901853,0.9951905215090331
0.39703330001549114,-3.458852814111061,-6.673616066667701,0.8251458311550306
1.3634287120856987,-1.0243665135371371,-6.314921210752002,-0.486569006851762
1.8821748802040494,2.1412668863086446,-3.9662640175388977,-0.35247285197865824
1.165307535547177,4.602526945451213,-0.034149507500644646,0.6298369302134026
0.8659686384171532,4.663457649566957,4.079360628162972,0.4522151780148966
0.33584125693302364,4.157774600938076,5.320672954283923,-1.2165788400181947
-1.1624287801399305,2.6994275154696905,5.7142434473692765,-1.0251693829494766
1.6168743984986076,-1.3188158965064973,4.835745527076717,-0.4983296025255024
-0.7421920939974367,2.764239517890412,1.1155683248085555,0.18809759720469071
-0.9997122286693814,0.10070678816767606,2.889389311961112,-0.417340137848056
-1.5307152572567064,-1.675661396579671,1.5920316382642408,-0.11479621808462767
-0.30261975947044656,-3.419307011875016,-0.18998303852366244,-0.3045329993088676
0.35272016302634307,-1.9188768214883603,-2.764935226910705,0.21591828627224463
-0.4144730658358585,0.03758239540818549,-2.6121861742159855,0.4357102463166057
0.37884260345839443,-0.48390948478563506,-1.2040240803364692,-0.37776590798160614
0.05217331865753347,0.5497652174986734,-0.7519878328591663,-0.34469650216300196
0.6161346680022383,0.12079013322035208,-0.46519930432687295,-1.2435597470783726
1.1876343927211208,1.0032399363777278,-0.19294859529717312,-0.5825703367669213
-0.5577713459894236,3.0889576791544733,0.70171936321497,0.08242563439944373
-0.7623234580276522,0.5396143469436572,3.422565232070027,-0.38426891036809097
-0.20406858443884895,-0.5595737101383662,1.9565841390100562,-0.15652402341544575
0.11834791338820451,-0.7474706644207657,0.6388469401200063,0.13627519621912135
-0.06025184640128695,0.07006008849060728,0.019877566315697648,-0.4610299182245928
-0.2292926535523081,-0.4274810520015141,-0.042075612395040825,-1.0499635848842899
1.43530015664544,-1.1294865180651659,-0.744059237644418,-0.4556037314855355
-1.3981096597988507,2.087763314509651,-1.7554472576206717,-1.0223946535780852
0.1803639430263982,-2.1001712623866715,0.8117806265521246,-0.8903445277884307
1.1300993164045137,-0.6887662911176218,-1.5399986949223066,-0.18263990172732508
-0.7945994551250549,2.2744976189332893,-0.8247713176394922,0.5513305879540149
0.1020312972405742,-0.39309479955322624,1.435765884580398,0.34272618154471307
0.003108550185636745,-0.1199171692534658,0.17520768763720065,-0.18640726929266652
-0.24389611017733773,-0.2768565568280085,-0.12597027995930313,-1.1512494769160375
1.2884442493182524,-0.8142861183317854,-0.5191280035168152,-0.6023348952786367
-2.001545744438679,2.0621152431016236,-0.9389799958848736,-0.6028696079313072
1.030195403152731,-3.4884346116270484,0.7789595145318227,-0.23954936872643623
0.001339846754486929,-0.21570229365205612,-3.114297571392914,0.6047246332952472
-1.5073256477730475,-0.2885898423039688,-1.1153312062806842,-0.15998046784302722
-1.1492039971882941,-3.3280058836379784,-1.1068839272068796,-1.0420544639262983
0.14862709530283086,-4.0445370748390514,-3.9230213897405606,-0.39002515626749534
-0.010638676618193147,-1.9306151264747238,-5.474731483070267,-0.9027075854860964
1.007510770986559,-0.9618454471223958,-3.9397089772472706,-0.6248162302172295
1.484918786733851,1.469338521241189,-2.5360208388236325,-0.8727894520382948
-0.674212461724509,3.3206301782274332,0.4295471369725732,-0.8362027308274165
-0.18595667718604886,-0.6443445926827114,2.4803684253092046,-0.8166884926402566
1.3249556793816308,-0.7261205094262677,0.3283045621778278,-0.47139675480431836
0.7287142340743459,1.9723993229423014,-0.8188937090197118,-0.5475918612592217
0.08650554192146179,1.916497010804983,1.043348337131144,-0.13767058929791454
1.2769808321980434,0.9708149994682244,1.5909969288375614,-0.576364540492125
-1.8076968597749328,2.6212380157842565,1.6768874633820388,-0.4027827523788429
-0.7253915220079754,-2.403259636346431,2.852622054897298,-0.5357728788767584
0.09741341295778198,-2.687326682170992,-0.8346478040341562,0.10321392148989944
0.6502490055783642,-0.47818885860451765,-2.1410620397401168,0.353545004272228
0.023355316114555456,1.7564849255929331,-0.9500409786472725,-0.10542497220970695
-2.0141025948652898,0.9277242192183052,1.1940846872637734,0.3399355928945481
0.8241996197958629,-4.016362784642451,0.9291664136912579,0.2718178486634075
-1.5756193271706151,-0.22058339489325604,-3.018980174695964,-0.18120862938853385
0.7538550699336822,-3.5057881981673376,-1.5044660036001634,-0.22521604018214986
-1.180000778467259,0.08671700321413792,-3.2845045229644207,0.27841632869223587
0.37604436962261134,-1.867444672761192,-1.3409678321480298,-0.5893987587829883
0.228770028928938,-0.028913353136281163,-2.507781763487797,0.1595638191318618
-1.074766013817714,0.2728769233337334,-1.29635503976227,0.526031902563284
2.710745527218326,-2.6749062435740902,-0.7544473821250647,0.18241526736456087
2.309844422090078,3.806287982690572,-2.6950237543956597,0.26375013224451993
-1.29188226823169,6.326311164342579,1.7270213946537167,0.32137617469307217
-0.25396267804778105,0.2871338933988179,5.648678414336692,-0.012146370297946268
-1.1269879102008638,-0.37006164356192384,2.737413669460317,0.6576350297608476
-1.6052712471325676,-2.3516081631196353,1.0244873080724433,0.3495505744830585
1.2260339099106798,-4.274830703757185,-1.5133546806485572,-1.2412746609256895
-1.0865678595905903,0.461187356993886,-4.333040059898845,-0.5145005941641931
-1.871218116060987,-1.4427606231380832,-1.192048445905181,0.6481834539071338
-0.3239847754964302,-3.9395700494721035,-1.328459024818714,0.25446614212470625
-0.008794689485571452,-1.8870043745399196,-2.882953287437404,0.396556283707179
-0.8521588059655938,-0.04165220509858358,-2.081063810514722,1.3327427613169351
0.3905305963195172,-0.7850048552319425,-0.25237840827155533,1.4336016562412626
0.7454989065249826,0.9410576287370507,-0.25541664241900064,0.6530168458537904
-0.43998770452970876,2.2585359878882874,1.502655361464059,-1.1186501469529502
1.4387054823592311,0.381357870866252,3.2480904668194412,-0.6872714108514608
-0.3255450115195318,2.909358814652024,1.5881277061982915,-0.12305015173003564
0.09074256375217302,0.5793549777919513,3.2299742245888203,0.8249816136608441
0.9885532424653152,0.6755006132244064,2.1644728716606845,0.4738681385136957
1.1250439217080253,2.268297364092603,1.9493347760997044,0.25391958272012827
-0.3906776025991957,3.697239798649216,3.254338496549049,0.9925821107683527
-0.8094863188927663,0.6853698918513143,4.750347537899881,0.9849494503766939
-0.6225401526655531,-1.1295604315227026,2.751141776306699,0.005871534276309487
-1.18147906792882,-1.8040340049993824,0.6171859544786609,-0.27991811393853294
-2.107192347329688,-2.6180416379676044,-1.0719969588747382,-0.17552175748664686
-1.9974666928898597,-5.126370239081757,-2.626634401699788,-0.9377002075131692
-1.268013916843997,-6.120117671627307,-5.348569580241489,-1.8905731239475307
-0.1703884233561112,-5.5650810671537965,-7.896340883622133,-2.1071620519095697
2.008755386185139,-2.8547457539379417,-8.780668856040037,-1.6386530051211974
0.8399226051327979,2.3476183831014446,-6.469329979875453,-0.7827814584570355
0.5511917287016942,2.163761986166522,-1.3196912156370026,-0.23277524897011548
-0.6283711081194786,1.9265486264056588,1.1033265266778927,-0.4923316295633272
-0.8165751074555749,-1.1320003893025157,1.4529398234946087,-0.8441984373435505
-1.5870983007982418,-2.645065943109008,-0.6986040671856628,-0.4517447849309361
0.029423575584972723,-4.976232015270272,-2.6624508309820234,0.26593082816073976
-0.7030690808978022,-2.7962515786526425,-6.1883803678947515,0.08657885584996847
-1.3864422532701932,-2.823442011020452,-5.431723545046749,-0.6573664808244553
0.2386007909284437,-4.550708971437729,-5.148945084008165,0.42733253801249266
-0.3123554416558699,-1.4862935756717903,-6.163367248651301,0.9140934438405013
-0.25237412498448336,-1.489660240149779,-4.384316095921547,0.48146208359005366
0.3240125241899799,-1.1907444239068303,-3.3609715340007495,-0.11529089833492323
1.1320522884141782,-0.09936458244329388,-2.97920261989106,-1.2355589409785463
0.14593829414477413,1.7453720688585368,-1.7388302053141187,-0.688076362206932
-0.20378186112454774,0.6474876558509777,-0.31214500116808963,-1.1139996164062578
-0.11916883732792043,-0.6377516486903259,-0.2147547930528348,-0.027930715376499937
-0.3856299815231613,-1.0711705111678538,-0.7934428945745211,-0.1335851034393317
2.3869517995739225,-1.3564214174201035,-0.9904890030067177,-0.6235395837537854
0.001999356415087233,3.9093694035600803,-1.7309508072520094,-0.2019688373675034
-0.227419412643884,1.9603212459014878,2.6163410662602087,-0.9186083058445208
-1.0254101277779044,0.6485992791932573,2.6913352420251893,-0.7741402413930563
-0.14139550214380217,-2.2008689674003326,1.1129484763873378,0.010751167280190765
0.4102120156795513,-0.9105649861695491,-1.8297589835004882,-0.226970940424934
0.14141947334054417,0.08561702707753269,-1.5892082722273813,-1.287519704670857
-0.16395350002699655,-0.680601656105847,-1.0609920898348986,-0.9986159318347131
-0.5836803568061814,-0.7204350323923306,-1.5311498486928916,-0.813451828066855
1.9229461940665773,-1.6117099664715495,-1.6291675393272516,0.11627887538444082
-0.09087092962596285,2.947750292966886,-2.521472199639131,0.04853712441935029
-0.18955551153927852,1.0713153169589307,1.197498081467016,-0.3831815459547793
0.6712280116136986,-0.4242191644949385,1.100455200324279,-0.5980757784061601
-0.6189465525913632,0.4173354957934752,-0.2666372923054014,-0.6571271248974425
-1.0307170319323398,-1.939276641829879,-0.5747172420881601,-0.326210355029949
-0.14428437852025486,-2.771948296093677,-2.0968237472116504,-0.7877749044596755
-1.2953411844660352,-1.6112189490369009,-3.5395171586924654,0.41976968161099815
1.4623552634733608,-3.354849583005677,-3.5078004554469886,0.6354706908126353
1.1091698114921316,1.2526905325505,-4.449677450615631,-0.4464976211737782
-0.3007645848467349,2.657068484744008,-1.0628712420333488,-1.1716546193461788
-0.0397062823469779,0.4183204791026599,1.5833405506764588,-0.42318273815554286
-0.0005630971229588082,0.19339292276734524,0.569926959378229,-0.21290374268676768
0.17017694319193222,0.2503542735098736,0.6389618023331702,-0.348160596063945
0.7692362080371281,0.5758985985861234,0.3183790647858377,0.4193760052736266
-0.8761099242279576,1.617828767567539,0.31501397414029947,0.11742951062842541
0.08796289633100199,-1.036782488281746,1.8517221230446772,0.17437869443560605
0.8789540277008926,-0.39319401562121326,-0.29604419981966656,-0.652778303107685
0.661378189891708,1.63153611686757,-0.5229934208005679,-0.6797994271006501
-0.16865175340045263,2.0324509771405244,0.7688942191428348,0.14798201395488964
1.024098839841025,0.48992514380317914,1.912958420181847,0.2263328456343897
0.8719343665194511,2.359645649990386,1.252614768764686,-0.15642020666388048
1.8089145420827708,2.6399349531766836,2.8737889581145875,0.6266333580700185
-2.0078930508046704,4.972052405469498,3.9560412831954404,0.478016430926831
-0.7831798617151676,-1.9035944073992361,6.259153135530813,-0.3055522536954602
-0.44997038186464916,-2.1965580174536443,1.7501582429198757,-0.7059217188551193
-1.160911956386739,-1.5857044837946301,-0.900247485529885,-0.37207189500680043
0.5518587715312919,-2.4434384231510893,-2.0085953261564855,-1.6632194826022735
-1.466185982469542,0.3705837860022673,-3.204059078465022,-1.4616392462895857
-0.5831150723026911,-2.567974190010497,-0.9559547741989042,-1.3125137560100928
1.2935099684593703,-2.256582888489736,-2.8752268371184493,-1.3969321248687616
-1.274618402015506,0.8975897746686211,-4.0764055259585845,-0.7208992388126312
-0.9091028886033559,-2.179725186360399,-1.4947452660274183,-0.8321026173598542
0.21530262994151197,-3.1394436473227474,-3.2879152002563368,-0.969920896004423
-0.640490071855426,-1.6051551029950557,-4.870751195045193,-0.6689033063379013
-0.4304583334619581,-2.4402497778672476,-4.007342321927106,0.030375196774152735
0.7698568930553547,-2.146048099537421,-3.792973454751579,-0.9298792223932685
0.03104720048855424,-0.1703796535520033,-4.176130535624594,-0.6374649800179759
-1.3602434375921744,-0.45039349760740904,-2.522631064582495,-0.15524322596543874
0.30383742563756283,-3.5528333372247003,-1.5986929513611265,-0.13115378399009525
0.25185441529500513,-1.0820192562923947,-4.073613836552822,-0.7745303549997161
-1.2645419919479142,-0.1015691919176184,-3.005010648271604,0.46259972487901824
-0.660300116021989,-2.3838422230133856,-1.3400252730936804,0.5453550683369993
-1.333474318734201,-2.184504110309523,-3.0538604791353468,-0.43596088807674316
-0.49346820915387574,-3.798393253125109,-3.2773510764466347,0.08996361868373923
-0.9936978771064832,-2.236001605379501,-4.295750918922282,0.1967764115552461
-0.9943351084951194,-2.466051096829839,-3.3852771532080927,0.4384483096296039
1.1589495823768998,-2.9397802097904497,-3.4175737526585492,1.6698657818662146
-1.0928952410987494,1.3566138523137745,-3.965005069846528,0.19492389181891023
0.9645506822393334,-1.7369896035771757,-0.9381455090590546,0.09103958115279291
-0.2615619010664018,0.6460900337813087,-2.1496416168699715,0.07832011563065244
0.4072638937354685,-1.0452113921850048,-0.9685657107512659,0.23660542829473077
-0.4679763133242924,-0.15745616621960004,-1.8804662423559624,-0.18453925660515028
0.09459253295770016,-1.3526398062602405,-1.6609493352779694,0.29084776693301057
-1.7144858954961215,-0.42493780123897706,-2.1129162152341037,-0.19694347679619972
-0.7981533577548339,-3.672248677077593,-1.3428866829789174,-0.0026256747137760883
-0.2592092593150832,-3.515234537848013,-3.9706135093568156,0.029905030525780273
-0.8091259849410398,-2.2179382922698427,-4.848149795047661,0.05028339582053393
1.0684620672442982,-2.21966854701455,-4.213436183992584,0.0766568247509851
0.2489339103966579,1.2400623961083805,-3.4927714369204663,0.46531328476690664
0.39423764944203077,0.9356600933852192,-0.6876131460356084,-0.10381846636747516
-0.06350867443826871,1.5337727021578431,0.7643698862600465,0.30864604746835594
-0.8094537290973276,0.8683749524528257,1.9973322874713713,0.5084977471532927
0.6049933756788733,-0.21624402672496745,1.7444378713831594,0.9032794715055361
-1.0775832476037126,1.4129336224163822,1.211775519056434,0.3469771773003621
0.6030068534266765,-0.9092979524680695,1.97899851805099,0.004132979103257994
0.01733462915130733,0.9069093136327117,0.723596120975071,-0.05862947351987492
-0.9991448913310123,0.2684922596399609,0.5163412398758762,-0.013843460887453838
-0.8133904123466764,-2.2535289025048737,0.13804318539384816,-0.2773814944486696
-0.45615619611535785,-2.8578339868991947,-2.2793543597145076,0.06626801482038483
1.7783209067198225,-2.4683684426552013,-3.7254232095984614,-0.3967606611785078
0.0926794460290038,2.453064170206379,-3.94337286910395,-0.6023961934221356
0.579281971320933,0.9906376094670546,0.053545041565477666,0.7616139768266381
-0.9234797799333037,1.5435608110515364,0.7951284824687903,-0.10308434847967007
-0.8059936088317976,-0.7841874361121999,1.9479449234936266,-0.7535326338469044
-0.05470443684927131,-1.889934005986,0.47536587147648424,0.1683930963261121
-1.1824505722064373,-0.7396069257156966,-1.004676363876516,0.25861394970782897
0.13820512935328008,-2.2448108313406725,-0.5655056557759215,0.04474772927941248
-0.4554812488548173,-0.8651003106364614,-1.9495680504440442,0.23279532517315446
-1.2780883627118034,-1.6885054451687933,-2.288409780433687,1.0711320081232758
0.2769586752193653,-3.9385426087987163,-3.0206566497964893,0.8184021725738861
0.4466615152789034,-1.2732334501713498,-5.087724494457037,1.0208615789672462
-0.7500017362485115,-0.22132564211290318,-3.9502386955606807,0.3077735802317728
0.36935805969990443,-1.1206222421558953,-1.8711575136689895,-0.07733545362548028
0.27924155393356226,0.1802986406468891,-1.7606509851750463,0.6418578164577673
2.234386246197682,0.9468428611268553,-0.16415092220704558,0.21782332800405105
0.5167028186484662,5.398811930320537,0.9748159954331506,-0.9899342989092983
0.2607543841411672,2.8664108872964063,4.546437641450592,-0.5612655843781851
0.8439368915533556,1.1125603755528743,3.4105749738869586,0.4310350005180946
-0.17636595048933035,2.333638680407193,2.475033338483449,-0.10881562121620447
0.1975562825275035,-0.11755109284725979,2.7497059044309484,-0.6524408819350712
1.5699984849989468,-0.10465693398774908,0.8570975869784966,-0.857854281711228
-0.3877879555492906,3.231286010894094,0.05720635191790399,-0.9134196705187377
-0.35469730295967755,0.9510176181411589,2.804157491807155,-1.7220056380716136
0.7903405817847039,-0.08909653637304299,2.5027864157303434,-1.7135355401157413
1.123094630441539,1.251496086400476,1.294793264394175,-0.9649421508851609
-1.1598392857669653,3.033424984037209,1.7783089878998628,-0.7516731915266835
0.28117316564347944,-1.116190220078826,3.0607861065818955,-0.76219885863783
-0.5357148727694001,0.5526446215038536,0.26548470933442325,-0.8697263868782825
-0.7449829387256415,-1.0914874893055757,-0.2681988146644684,-0.7943924241875109
-0.4357300881667396,-1.7949436759094861,-0.6676431686366173,-0.3864474374355537
-1.5221992751914284,-1.568017777305712,-1.4908169173296217,0.30124444468735634
0.2764143642537545,-3.0822029853271338,-1.2959092862805472,0.663454108659387
0.819343097059747,-0.5225203729700921,-2.90778499665641,1.6667129091378678
-0.40316267693004887,1.8533385702597804,-1.219448970999206,1.1872575191348476
-1.842384462030672,0.11950021054182985,1.1076580252574364,-0.3053070982349393
-0.7740858849820498,-3.4105073525824747,0.6883964186429266,-0.3881728344532133
0.3277464699519495,-3.4636211280038625,-2.781054258340469,0.07858947772687774
-0.2800686268808754,-1.2610541657343397,-4.333734200545132,0.9514877108198354
0.10710503000947168,-0.7000997506238873,-2.8705618495569625,0.9472976126827595
-0.7619915238269903,0.4671688559785888,-1.7853788896634688,1.0663436550195837
0.5530767870252449,-0.8091302140731484,-0.006543107717576602,0.7109458095982858
0.35879608390625434,1.143922370943664,-0.34769443490363866,0.8436498960260346
0.12374001441139017,1.9367413416394061,1.8052578515347881,0.1707496173543369
1.782293792704712,1.3792486843903569,3.457536740845338,-0.012986141380092714
1.0823519297917354,4.815404615304743,3.2371958092735187,-0.2781340778721472
1.0456401202092658,4.1921575265347295,5.857626677190777,-0.5856451588805981
-0.32054037833754784,4.015331746074782,6.148535434193864,0.07163651480843364
0.49978810429579884,1.3383865968868445,6.28736216801285,-0.8001551306672201
-2.099206342561244,1.555097430277895,3.931212468908345,-0.020301276479845032
1.6823835853400984,-3.9272272956921563,2.890846463639189,0.5556186493738977
2.272991825979389,2.0665502103369726,-1.8263266402450617,0.6255583400560394
-0.9637751872343886,6.00753643153319,0.993636143908149,0.9772093656155045
0.4602186394350634,0.8962383927250721,5.939428363253541,1.0346403851506867
2.158659010704834,1.6583055806140574,3.3048697749867246,0.8039646734353609
-1.913779734828926,4.93423210967648,3.158447677302348,0.9613255348813581
-0.8974929708546623,-1.5500315950623063,5.877256417256059,0.03230564026777716
-0.6029783125670037,-2.65610988235401,1.399195026613256,-0.1783449043128641
1.6573761202324966,-2.245592796819994,-1.02835249195503,-0.44036770946197556
1.3530735775420593,2.157885109463096,-2.3629909972714285,0.4908991696087543
0.005322860451700487,4.0231984412623305,0.8095324958572656,0.8400992827531827
0.5886401517374027,1.7651063025372784,3.730541954246373,0.4181013618296432
-0.5136362607149101,2.403242607237387,2.920736010652057,0.3755583495720505
-0.020706364106233777,0.4141351035253165,3.4732960750153055,-0.08640201296116465
-0.7000840296458889,-0.1337175569540216,1.8375833367109664,-0.22121252392790647
-0.019901670906585355,-1.5444495522113233,0.7781270976057606,-0.4495386193765055
0.3654873450385047,-0.8973126845856153,-1.5815467860999377,0.535643524944549
0.9956348061178324,-0.08570591510567571,-1.5619600970909204,-0.05045383185647101
-1.9097629057462808,1.5467577567354196,-0.9879337881433065,-0.667498005478008
0.49527294606859795,-3.028355260619573,0.714261022443028,-0.294308745840962
1.186142502118831,-0.17089113284399368,-1.9360570756753268,-0.056437509168485514
-0.05062811305699102,2.651662249509467,-0.8732924789369761,0.3222256264062467
0.16191936728506806,1.18493778426169,2.206224296497618,0.6969086169827123
-0.5853785019730434,1.0002739450443023,2.290262615105566,0.19794454710393936
-1.3019345701635046,-0.5823027231179441,2.1065221646780907,0.9725786442212171
2.45824360573656,-2.9766217097096637,0.6423636996461004,1.230953714808797
1.1600928466435507,3.555547760751023,-2.2019065667217004,1.200050668668788
-1.6190718201181646,4.438345408052076,2.094201278386563,0.7169654648388395
0.8719754997190072,-1.444681584148106,4.72787876947942,0.04709838469868527
-1.8213503419246384,1.4269970579447437,1.2215553390831166,0.9022278888597464
-0.16376410412220166,-2.358104482605718,1.9893291823857466,0.2824431565767981
1.504506718589227,-1.3104443653624722,-0.9179813786626361,-0.1751908117863311
-0.056441096887107134,2.0501726842101653,-1.5102953588273358,-0.3847041909462332
1.100370680697223,0.6765190326832553,0.7662673132408248,0.12621601156181095
0.9698044873917454,2.0825225789503503,0.5224858001960233,0.5065576458185282
0.27833293957050426,2.589387657359546,1.771886839336666,-0.40941496058638355
-0.5352555666305784,1.2511946129749763,2.5222333854045065,-0.9564069207495873
0.6759788558069234,-1.0715835589680343,1.609322464216642,-1.0416248406320656
2.4939270057279894,0.6533042589449939,-0.4051268300513168,-1.030506522924298
0.5543300046323907,4.83725183903933,-0.29577553080658053,-0.45144243641805115
0.7318133943208879,2.589918076193224,3.3785679413103678,-0.5805866761592265
-0.15513028953240038,2.6191737289690957,3.4868556489213565,0.39613683752460155
0.1261651964309746,0.800075276058509,3.61132056792194,0.048072747835246565
-1.086073582612479,0.7469308213414754,2.6435597471385734,-0.6022512261812993
-0.6775115456917667,-1.6668241514497923,2.396102445318468,-0.8680460389684981
-0.8312858359510763,-2.0685899304699027,-0.1844066884663801,-0.2792210703291401
0.3034669008166697,-2.6365745325743797,-1.9921920441316792,0.10218526227856858
-0.09401517408515554,-0.7192235667173019,-3.386904382931288,-0.27538498106516973
0.8085477496020183,-0.7658446583253564,-1.9040661259147726,-0.43168614448302983
1.1425892227901149,0.8445051776650103,-1.5871591154793345,-0.22740873403251058
-2.235035497898666,2.9358150692040255,0.20048159198113155,0.053607682359956166
-0.7219945397367117,-3.458879507758518,2.401433564883337,0.14162892500643814
0.2768197293308208,-2.9043895156002195,-1.850202544831303,-0.5973148002741517
-0.7552194194170205,-0.9312956330848495,-2.8415642679182125,-1.6982897012955231
1.2651599454883269,-1.8302555235025366,-1.9387784828154613,-0.9218349747526445
0.7260290330391413,1.976650986123676,-1.773313852821257,0.07762581842113114
-1.0181176115186856,2.9431218444289127,1.4978463673976081,0.3083058144279128
0.3044355228138156,-0.6654982175429021,2.896361392761501,-0.19856836033381567
-0.03247432391745505,0.2592114814033304,0.6920155828473389,0.40481418451599294
-0.7842585089151799,0.394452752768943,1.4564455925808781,0.16012559355385403
0.25928764153490796,-1.088973813176202,1.4242462749545521,-0.5726129593680149
0.6407291102029202,0.16679951672222607,0.34339851770284985,0.4987635420799347
2.3310246715580702,1.8216838884192885,1.0781034937193819,0.6840437344529129
-0.26536010831425455,5.287523041368396,2.446095802031352,0.14496336197768941
-0.3532436918276083,1.6540907842819093,5.574279965023768,-0.1308466422408484
0.37863932383803556,0.0709631502833305,4.49283836457127,-1.094329784734877
0.013236672801670204,0.7908520237766845,2.1871987515086833,-0.23401470146410047
-1.2295073973595978,0.8591448982349721,2.012298785875575,0.049856252330405276
-0.07199859243978847,-1.7527451520428052,1.8013069590647308,0.6572738652219259
0.4853032830631407,-0.5734158694150121,-0.21301335540135147,0.6229225062465744
-0.07577147645982442,0.5649025595199085,-0.5915993777453961,0.1170196998159087
1.178450850318331,0.4215323216802838,0.07255640041530376,0.1639798555233694
0.43525395717106363,2.1933925242537633,0.37862743710716207,1.128544583467365
1.2676235608039048,1.9204203849788344,1.754367748213289,0.19211131901833595
-1.1088029749380393,3.4013802003746223,2.434084874185424,0.2203914076892996
0.15407999214886864,-0.4425361602527951,3.850315658786278,0.6059201696032175
-1.1337710254197284,-0.1419084933048499,1.639505617072785,0.9974954986776351
0.7811812052237417,-1.9840007807954352,0.9876301749424209,1.07494473308048
-0.8129740246401806,1.1270861244246293,-0.704343018084068,0.7087795747700966
-0.6667508502068556,-1.3993138313025693,0.27559193173616614,0.3132132859944461
0.5461118308924472,-1.819786784024421,-1.0418541992314687,0.29358944295887635
0.6684176852860094,0.45579968415995736,-1.9682600026133075,-0.17336652040871955
1.0656851747200478,2.0813013199211174,-0.3912195078653482,0.1733653408888728
-0.39777791394020817,3.6455945618236525,1.9807896976247314,0.28151371751903254
-0.9089976945137175,1.2004431159181586,4.250749630753581,0.36408208191066016
-1.4569854207812678,-0.92367911865163,3.406977825000719,-0.14886558481542317
0.34044044350154545,-3.2968754295761817,0.721150587478776,-0.5199058037037719
0.9766653699781299,-0.7216645119042592,-2.9043972270739116,-0.26629165902492646
0.38002329904861315,1.4312285315039706,-1.9605496435556362,-0.6399879897321529
-0.9810993674682146,1.470278815168465,0.19952713595562316,-0.7136112373231038
-1.1805943397534906,-1.297683760344821,0.8703472011279594,-0.4503879355135902
-0.5736696908584189,-3.132813103346009,-0.6169022666339515,0.33403454262076226
0.3204495138460378,-2.7455196476229857,-3.0110012063005023,0.6941604089426563
1.016977048237856,-0.7533462670928743,-3.3423661168466814,0.6149526110036693
0.0853713816025881,1.2111429158489566,-2.208373941037855,-0.49252852381723694
0.6155852878612882,0.6856485666828986,0.39734435703041027,-0.997269461480554
0.5457937598499527,1.625831881881911,0.8813012605419499,0.00016554978712890467
0.2595417655715384,1.8876933693079114,1.8133909930427698,0.12921414588153435
0.18583457751891555,1.181884845552113,1.9618183237036289,0.6457562007137527
-0.6474594284795192,0.8538962308808282,1.9456262737458798,1.1773167655094092
1.6119104774674902,-0.5641624517465604,1.3189310797363991,0.4022931406833199
1.081450469628532,3.1298842968843084,0.23397426959298662,0.05813938656391188
-2.109950646879972,3.435695983757159,3.058705569286927,-0.35118101219770126
-0.7405158205011196,-2.8519916105124956,4.605032598471864,0.3114003451582671
0.27734417972021486,-2.2330387704159196,-0.04792858223821826,-0.07610402542580916
-0.4413823123659498,-0.11509926734371581,-1.2822619150181296,0.03391318389843804
0.5159584767678441,-0.6236727148332195,-0.7065618691789459,0.26097400679999205
-0.17417456222119868,1.7570724171853302,0.11287276029696347,0.21264741647714702
0.7738911809098658,1.1046199885740529,2.3023247022092246,-0.6861723300852602
0.585247531358856,2.556823453133777,2.569452662165679,-0.3453263803578163
-0.3974833349294312,2.832727339134599,3.848124594923776,-0.16182668265222305
-0.3481697908366748,0.8759697335575236,4.354598446707545,0.2930525272921721
0.1775911169235922,-0.7090542886161688,2.4936408943008863,0.4308311664821317
-0.345156867242898,-0.17217833503835084,0.33056553302474234,-1.1149516984714976
-2.2592138775776114,-1.3953233102694427,-0.34232380194194423,-0.5054694495084454
0.30310188495033036,-5.4904717552620905,-1.9404406628930777,-0.21565955840397155
-0.608247947199117,-2.173013655211026,-5.985762786631973,0.19399320816754842
1.8783791319931293,-2.346859480062495,-4.593241780051093,-0.22775840550955806
-0.5108345590530156,2.261792539174161,-4.314482749969448,-0.6621183293891575
-0.9038792895808748,-0.8330987318178374,-0.5754492931424253,-0.49427939644559726
1.0518548605275198,-2.653301861580954,-1.0462770241040966,-1.0296996288018143
-2.1951837465222086,0.5265227745058364,-3.2068267933218366,-1.5775583238627375
0.9444158685402726,-4.3435275066249694,-1.4297030285301575,-0.7993559366181554
2.8144474532661614,-0.2355343693022815,-4.4762901276444,-0.2520170260566176
1.4034703847675043,5.213867731439977,-2.8008532892561564,-0.3090576540536483
-0.284099005360783,4.958751947681505,2.5898248645710473,0.7925246911384194
-0.32891987033337716,1.5897299591406229,5.003471546195439,0.22521994280328103
1.9408669391818687,0.31656707765711034,3.400280737023135,0.48448365494170054
0.7722114773525048,3.906596085753363,1.7011377535255736,0.3173763167695846
1.3624582440002129,3.657287314485382,4.344079678957199,-0.7734356253497606
0.5504335109347853,4.812073374892571,4.955259117841681,-1.0799371201363612
-0.4989375499619459,3.8475365049087022,6.968423011580991,-0.14929228918882415
0.26552864911647195,1.078602870745872,6.556261213052227,-0.037356259171946245
1.4408125980042632,1.671133640243417,4.537002909293215,-0.0414445564823267
1.3221358940784769,3.7829258851838525,3.8818071358230806,0.29512716306768644
0.5458788377391453,4.738887661450116,4.973690818237461,-0.35599150989507267
-0.304477807746527,3.4339186611829864,6.490411068512993,0.027435180180303748
-0.3122681946066529,1.034884092169491,6.4358245936292136,-0.7777123382009608
-0.11216390011058394,-0.09576476503846301,4.137597865817459,0.3528514805777127
0.9375229217497576,-0.190985797496751,1.5215026492074841,0.026602295680938387
0.4045451930861567,1.280964675872852,0.46510933268505295,-0.11856727497173827
-0.742678854701153,1.2565725763697606,0.6215854468455853,-0.6575543230656181
0.4097512196232897,-1.307138395213157,1.2693755529333612,-0.07105547168896381
1.3812790155589258,0.22876092403152837,-0.9239162636357108,0.7992168896939182
0.7849542886879182,2.83499547359198,-0.3590115379640248,0.6212008289554205
0.5575758428248162,3.1128670900495656,2.7973071910878535,-0.3271113907209658
2.032337024710338,2.578962570595401,3.767173085816819,-0.6917351457464767
1.8009906006887368,5.162285479093913,4.398291064461366,-0.15638325784720902
1.3960915692447435,6.745064358971669,6.425762550572461,0.3981120043696821
-1.647777141104471,5.955019589513158,8.587369985146339,0.9530025137359738
-0.46344461362539624,-0.20435509320147108,9.403490542124427,-0.40221254829035336
0.3282739620810305,-1.301098826613719,4.162719115734753,-0.535005522165209
-0.9260780403504922,0.02926604010700158,0.7447167272901729,0.31921740102710444
-0.17144983148779322,-1.9002164770970849,0.6187624685342916,-0.4698036978929017
1.6647760587482714,-1.4660144894880551,-1.5300746183499487,-0.303551538968661
1.367401527738422,2.544113168437266,-2.2949458182170464,-0.14112748920910598
0.3479344771827106,3.8873990067021182,0.5730412650687579,-0.19404547712280074
-0.4294726458945011,2.242910017559859,3.0772472487092397,0.05064814037725347
0.13687332068938496,0.24023543473312411,3.389200528448252,0.27179814821727266
-1.0472087600770361,-0.08327754013079011,1.4175323023720852,0.4549094970878445
-0.4482897736442336,-1.8868473019756467,0.5160501388865282,-0.2748858364420407
0.7183478868941628,-2.0545070899061857,-1.557150654688371,-0.19399085891369622
-0.16565047568402144,0.601227501067468,-2.122729970939056,-0.6377181018258102
0.5223602138344686,-0.06108501450531327,-0.28941797659231094,-0.46680780125187427
0.668197843557631,0.9034181259593591,-0.4684539980490132,-0.33028104044283296
0.4552984384165761,1.7529627173076163,0.697171704455605,-0.04122739788079702
1.386992729908838,1.9475697769284632,1.981827593677196,0.09155527203172223
2.845294394907639,3.7538029767030525,2.547227848857058,-0.1370421377775944
-0.4740804733663613,7.406354171054756,4.173381470224154,-0.8691195876433275
-1.6667579329902373,2.1216433996932196,8.315622054345452,-0.02801594098896354
0.7577767609361872,-2.5470526990019673,5.436729071274216,-0.12911908292175817
-0.44412145436551537,0.3260384230490002,0.29564636165997094,0.3086771088084046
0.44614100424767456,-0.9703888602261753,-0.05666713307865104,0.6335452985013941
1.0904719911385654,0.2376670523573515,-0.795004444996874,-0.11971072334687999
-1.8524229149889546,2.5520927271842964,0.20310309459091447,-0.538469173777472
1.781226927581568,-2.6477277013007523,2.5744735284160147,-0.5425925194898105
-0.17123274409232622,2.1507495029747474,-0.9333553176998886,-1.1282243048825982
-0.22065607324128275,0.407786493912352,0.4689293122102406,-0.4699667841350822
0.403376242526725,-0.7245997806482826,0.046448087295077906,-0.12471158821101833
-0.06280672314395548,0.5025340258671,-0.9452885697850321,0.023079733483150427
-0.2107189790767625,-0.2990414121155633,-0.17578161292019368,-0.15183298260837533
-0.9674900773752345,-0.8911561326964815,-0.787825719261203,0.9882152719538836
-0.1380470752815336,-2.6571502440036467,-1.6757844755595794,0.3841818542862339
0.0859990650052155,-1.6425038324886712,-2.616674880350288,-0.9557885012477239
-0.7420134248897403,-0.5625936353725642,-2.4811178340415063,-1.202587435459677
-0.40817317598895414,-1.8776338670024506,-1.349391081518301,-0.4640174539297771
-1.0925542703834126,-1.1837831837680124,-1.9955544083506134,-0.0465241981454628
-0.4901383482393793,-3.1672818672130303,-2.0175943062918624,-0.6315431689706429
0.29638302011675466,-2.566870295153471,-3.978003111005578,-0.5916900274153348
-0.9810871581162783,-1.228050340931587,-4.730416698767497,-0.5322321364506433
-1.0563464635034578,-3.2963752698861866,-3.9080334673196426,0.021019273288068463
0.6423171465004947,-4.657703577037971,-5.363924908137656,0.34282366519907775
-1.0478402188698202,-1.564477912965335,-6.556108968147572,-0.33174741156125953
-2.236925498726021,-3.61462072395457,-5.161966627707212,-0.3045154356197435
-0.3161248719684872,-6.80674422800975,-6.232290370284818,-0.7182944043779899
-1.4342222074576032,-4.5442099358711685,-9.076885112912906,-0.7728322817781587
0.20864958187336902,-5.620671114620218,-8.734834250123752,0.1748071351940979
-0.8378232587776496,-2.2720977193414944,-9.125868330147187,0.44765665387945947
-0.04009491210443619,-2.5410933031941143,-6.370937356075774,-0.11728602656997078
-0.7598679253449151,-1.668485732226954,-5.5116410011033246,0.42711267010921816
-0.4551173340386673,-2.998953763998559,-4.664975288186744,0.11517643600190826
-1.563705118543149,-2.564604891191074,-4.6599511728902225,0.17304837467800244
-0.2538375611255331,-4.58678780333412,-4.671761168855487,0.4673434004477394
-0.8059177786176916,-3.0278295229547605,-6.144382902198892,-0.05396489170458724
-1.0341111395297102,-3.623544941751134,-5.729368454130313,-0.18214177590710404
-0.6496037095948308,-3.995370063632286,-5.826378787245794,-0.7268306079214888
-0.3075277647170156,-3.4018717991253338,-6.584226039631401,-0.5587705512603535
0.6869536677708163,-2.1232373451742164,-5.888631397836227,0.5540911384913351
0.005186448659020086,0.6800734739451103,-4.53669548780133,0.40244058413963363
-0.6438240139725026,0.3575978122995171,-1.349193912684092,0.5386976423218006
0.5949524581768018,-1.1979927269832034,0.032994258594322756,-0.06600321081696359
0.09217710752683304,0.6152558153087758,-1.3214171947227311,-0.11188595629460467
-0.5661892748600006,0.4069168116270222,0.03970690529370147,-0.15004406900025105
0.5720957235984819,-0.8693679065971409,0.4131741670087684,0.10534091085604028
1.0635089284515264,0.48035237478049486,-0.6636900245719342,-0.268099783730575
-0.09399877422878479,2.1865855321168506,-0.03449665464931585,-1.2550949388535517
-0.8246225712046127,0.4420361018213926,1.5061989909431381,-1.9964001155291204
0.07785672426730414,-1.8428618345787113,0.4517977888949402,-1.2833265903109474
0.7546436171726086,-0.9032093887721615,-1.7581517383974874,0.4324397201005237
0.5503451014048882,1.128505103717318,-1.6644223934499176,0.6466976491867442
1.8504123223750257,1.4084930405861904,-0.6286585144182468,0.1798440172474512
0.5587710347377585,3.736361648922761,0.5540190639349869,0.3781718002898795
0.9746576907002027,2.34242809016464,2.9863352072376457,-0.14519326089846255
0.7468468106342946,3.1369823417111555,3.205614266362603,-0.12397901864070446
-0.7665204469788703,2.9097153453459312,3.9170476814278303,0.10669744860514216
-1.009150341366842,-0.002978962290656525,5.176651613215726,0.2113477404071741
-1.8410361672928455,-1.3727865419165417,2.551690226039791,0.16340133541449448
0.37606959632077114,-3.962608875831892,0.3437179509109307,-0.3295573202782869
0.45601218210912847,-0.7141981762241301,-2.524470934247069,-0.8470789061817994
-1.1375939953626888,1.1317573407427295,-1.0824039439579862,-0.9780245655794214
-0.7461947535570493,-1.4379296710415677,0.987042015861751,-1.0733670089909415
1.2045075516061559,-2.13631426842688,-0.020361703651392726,-0.5507443310429482
-0.36759546616018607,1.9659602500216646,-1.5304371502941638,-0.6666962229843186
1.2775301917402737,0.3194702846545251,0.7678132586281463,-0.7882492516472499
-1.9891675712972732,2.961423640201913,0.733563234471696,-0.1632323369324497
1.1221280198349068,-2.859569266882788,2.6867262055127794,-0.2615456447256967
1.3798323297543882,1.0462915633115524,-0.8844256913132575,0.46091024662230995
3.2710261222145895,3.161889656742905,0.6443786775513615,-0.3427403277489684
0.9049185186938843,8.164375214956758,2.8439204032938603,0.3927243220790652
0.20434768720895413,5.474087081397754,8.353668496773329,0.3290523821656715
-0.7520362536522921,2.997756896903854,8.586307104537836,0.2920449314658452
-0.2677108270474744,-0.1658209902247098,5.937413184941937,-0.05608878008453963
1.1175741969331559,-0.5088166054684864,2.7643662068104615,0.7247194541330706
-0.6711487951306716,1.7408402651291406,0.7745267548440975,0.1597945531065992
-1.0827068222868157,-0.15103842355032293,1.9460540296265458,0.2851867148938998
-0.3782852173642064,-2.155024677651635,0.03616655848540917,-0.3223768596559869
1.6923151561178125,-2.1437840120548306,-2.1230135140468613,-0.5343728189108184
-0.8656981808817654,2.0968213592106526,-3.0254165402543296,0.3467618778313095
-0.18819185705108066,-1.028719615549573,-0.18373269826077454,-0.030965906956343187
0.2596113479032144,-0.8210966795551262,-1.4817409677107765,1.0288032958717552
0.2459473093961707,0.26028653559215426,-1.1210270069409396,0.5515026688920658
-0.7158574437812334,0.3764849922606024,-0.19333143223294214,0.35339792412067444
0.47200956837807373,-0.9633111142296413,1.2536186273764176,0.4785736205537805
0.5773327417846801,1.2744213466253023,0.38470389540380967,-0.16427689914961147
1.121784150984588,2.309757257058249,1.822871698405218,-0.1309058728069669
0.40712980320827613,3.3379810309181983,2.6489536859521943,0.18755326893457905
-0.7506979365041612,1.9012269768385874,3.597137849199893,0.5251238333597965
-0.3697007452087749,-1.490421812567638,3.021206277704213,-0.009367725470500743
0.7361442622610551,-1.8253753674360853,-0.43188408334644013,-0.782507285548702
-1.5137616266399756,0.1892900896334181,-2.3778848185699166,-0.49655184373052924
-0.6920149492322138,-3.7262438397525535,-1.6736348015207954,0.0880335595372101
0.1823892147238758,-3.641567086905227,-4.470719458508054,0.6888905621356778
-0.4644118192311805,-1.3846506950348192,-4.974257241721249,-0.12814478726801687
-0.08232567819273391,-1.6349806865283782,-3.3428273915582363,0.5645418339660533
-0.13515360703241588,-0.6207255742841961,-2.496901950534927,0.6837071184978096
0.36705352668088814,0.33247278200753294,-0.8473158635345783,1.0551309887262847
0.7275336936257992,1.2381589927160843,0.4961025576906344,0.6656480146744823
0.5288274933846129,2.646092506703157,1.69751982672887,0.5550877210880021
-0.9624726036810854,1.6791094122359354,2.867993125738773,0.47186951263595617
0.42424813745518875,-1.2671946185982335,2.3412649836848174,0.2691919437834707
0.40613725470544,0.25770839018226593,-0.6623028949686818,0.4429806922385451
0.38169053447961365,0.5236714728586568,-0.8242170673407856,0.21695195851694443
-0.31493664075714545,0.39491424534534825,-0.30690754923167113,1.3326574565500042
-0.6783498788411441,-0.5581052046726596,-0.06323871882474015,0.9892590978181166
-0.04191971124232876,-1.5020341934581272,-0.43109280680952416,0.7596197500997899
0.427636218879745,-0.3165635215573446,-1.5601355008548519,0.257670491404168
-1.3730506595686418,0.09129037735435369,-1.1141110090162822,-0.09754547710659073
-1.3076668983849393,-2.96663837650695,-0.22484842010860584,0.34482183260548277
0.60552520522431,-3.792713694220892,-2.176900763343973,0.05846294257793214
0.8091174883856003,-0.6255772546892868,-4.6233004026647055,-0.04765171534247357
0.07492707856622638,1.22475388529579,-2.5339686131843178,0.4934183613786698
0.9085868016131475,1.205412161513719,-0.2534517292211066,0.41644676230264616
0.30071454181772833,2.903731403922251,1.5281248771228757,-0.32424552762748365
0.5647100032131608,1.3931313532529805,3.428217626203865,-0.16773571843893315
-0.6775400129068989,1.6614089676923567,2.916476596004618,-0.43648070394352056
0.791498932084825,-0.4486826601071995,2.607731059926517,-0.8685562248536108
0.1181034650064601,1.4517729979562215,0.9554332948294408,-2.014221059080136
0.3113731291216611,1.0216552519483042,1.6597227249203272,-0.8889849323975217
0.7609455258811165,1.6109557385129274,2.013256767990783,-0.6654898785275399
0.5058850645353592,2.085235720110515,2.36333831570553,0.3847815031254495
-0.29270416442148695,2.48595011281315,3.126103643074328,0.5901890110562196
0.7426049592352919,0.8878716315669751,3.9967009915649627,0.34667340441371736
1.297057196491159,2.440815577280139,3.2152107619015444,-0.37942199114679465
-0.5508169173337938,3.301742336342376,3.4927208133992957,0.6207664886749191
-0.04191798217477153,0.6831047600597748,4.875835246677387,0.3751488518051364
-0.6982526968628611,-0.26864933051615447,2.3215104943533316,-0.31033687950168964
-1.1994018258240353,-1.7607216759559954,0.6874141333958733,-1.7425184347383014
0.8809234631991979,-3.3885301168712965,-1.543293888212568,-0.9678764389464967
-0.2362496326236882,0.2202911571250821,-3.704460837653322,-1.0046460080163733
-0.8675909372632739,-0.6662735371530011,-1.8374496021621316,-0.5173071898984234
-0.6946593533788596,-1.9659425049397483,-1.240393470445811,0.9758353916348519
-2.5607373856586215,-1.9240211947652663,-1.9605968724439735,0.313646661222727
0.7989129275910215,-6.249719487754148,-2.2382202644946942,-0.2972757072538796
-0.6491231216382576,-1.5062047521870339,-6.654572041416719,-0.5179811495125547
0.29307665326691656,-2.321018961594917,-4.495393639475844,-0.15223079219291355
1.079123779324209,-0.18736516042936102,-3.9813930547866563,-0.0797322812521311
0.5753473318075695,2.074646851866359,-2.0418055027059197,0.16724057603004788
1.1094241891920569,2.2013384184809692,1.4056797376212513,-0.3494504404572739
0.15479224452383833,3.01865969050116,2.4840280279118168,-1.5650046747401898
-0.32153578465392746,1.5885866087901062,3.4739836100874415,-1.3895799691685369
-2.240704260997945,0.15912699390898297,2.8454351379453517,-0.9584359346090183
-0.27067375534369414,-3.898169898830851,1.93261795790845,-0.5831181811507836
-1.2302601475985768,-2.2350999608543396,-1.8603592426722644,-0.8460469492495055
1.7849481228801383,-3.0338592123869477,-2.167304790020626,-0.7697512761599069
2.857473075464706,2.5152872052395807,-3.3235774820725092,-0.2728008304619367
-1.498110341648047,6.960802164481716,0.1863152576122199,0.6503971050844808
0.7150058109935733,0.2732753637066202,6.384566172668899,-0.06729367605968328
-0.8502073751390576,1.7340671305239388,2.961483247060503,0.11957128183334892
0.579269811898811,-1.1425337660623835,3.3528836292272772,-0.7970532075639745
0.3502124978585262,1.1228262421993853,1.0203463587241681,-0.01529253264625463
0.9739963377594865,1.2749866462024453,2.1439221235062806,-0.23937848758895502
0.06718110965398118,2.732387549732189,2.254688821376187,-0.32499998941806674
-0.14728831353455754,1.2137745044135104,3.368397490674662,0.11156131554355594
0.7580799869400913,0.689365877320982,3.0266449318497513,-0.2638515027876418
-1.9473051656898168,1.889499803636245,1.8505001594371868,-0.6888693864139281
1.2004203999102006,-3.1778269727503385,2.067259106140199,-0.17708412738710907
0.8681767797266683,0.8134947892988201,-2.2018440471688825,0.3537874385047502
2.037127896959813,1.907146182653226,-0.20535413768289595,-0.6864170273241936
-0.2232897220539845,4.75676571854299,1.367159280162372,-1.1755079448314152
-0.8994402395690875,1.6973518405337178,4.250304738217027,-0.8128277000430347
-1.1990103925150117,-1.4165752730182581,3.2501387640880433,-0.9676168029980645
-0.5413143554356487,-3.7080626579494504,-0.3441188292696478,-0.3961886882073414
1.5927284560195685,-3.0986822346682588,-3.7781256086304524,-0.30383317800753656
-0.8548349169327834,1.5212823663224782,-4.475701089743086,-0.21225312095755222
0.07058957541733794,-1.4494891825513294,-0.760709583708285,-0.10385411967915809
-0.5129947491967435,-1.4252625229736935,-2.2333823296985353,-0.10454206928778803
0.1023103338088603,-2.445762133813055,-2.9283898301198117,-0.922033711479409
0.1871419867702157,-1.6392962839390361,-3.6324518999095217,-1.1646458458324647
1.0566098490416067,-0.7941902146375305,-2.9302480087596576,-0.2987408504679951
0.2567837815138569,2.0984644756978104,-1.9816917301916395,-0.9998370101766247
-0.7569098727650648,1.7360823937202166,1.0692753585916466,-0.6305250711875444
1.1299703941075565,-0.8584648976737232,1.4820578443235584,-0.7616979802569142
-2.1250101249030164,1.7376480237740541,-0.1506047486680227,-0.11448863085278727
-0.6496056326016644,-3.4316115854165727,1.3057414207803435,-5.071935861662713e-05
-1.4135085982481852,-3.3883983068231665,-2.4157587800523324,0.49450441504053055
1.1267648082610353,-4.194264206542436,-3.8878505736892857,-0.08422500840378827
0.41949727230971495,0.49687091858946286,-5.337939871607897,0.1486562174767903
-0.5638746765524585,0.9454824271854565,-1.9670905411685142,-0.25688805142128107
-0.8927322092380086,-0.9829069921330407,-0.4415902160225388,-0.2702644749022365
-1.6515259952393577,-2.557942796220145,-1.1408912550285144,0.06369676540664712
1.6744316823952952,-4.945456384918508,-3.28192253688528,0.21081861245488542
-0.7767511536063209,0.47629131572701255,-6.456163997398818,0.6627175309583205
-0.17011919113015858,-1.8870938686584293,-2.438714576215065,0.7768660153010601
1.0138968341027554,-1.1572988177745427,-2.9661616077352724,-0.30834570903786945
-0.8242992082176034,0.9181780467441465,-2.9710798697744227,0.018446625877071743
-0.002999643470539514,-1.283389963867984,-0.6587017725550343,0.5198991743330514
-0.017848638292391635,-0.8969176940939041,-1.6081554404999356,0.14956352204765702
-0.9763852077662583,-0.7046806922678442,-1.6207436244697402,-0.026856785147375578
1.2199632947770542,-2.292871955545071,-0.9587825227705884,-0.2538536940891338
0.4154188302934896,1.395637440134181,-2.699566714715356,-0.10464023704333633
-0.22081878555032944,1.6040396624535123,-0.33946205111301075,0.29758530786175325
0.30466949912182684,0.001903884430864533,1.2002070767169082,0.40357307934975317
2.3118311256428297,0.8363104057641771,0.7966923819051019,-0.2515662199046117
0.03655966440087428,5.635599931584462,1.4509876180914218,-0.5466332340458971
-0.2349659934978464,3.0302666369197575,6.034559241231084,-0.2953606759607059
-0.707797863168717,1.1036015191223065,5.182417924769825,0.16454474433916927
1.4817355945421273,-0.4951517030956936,3.4720227657897866,0.3304191278376515
0.013053925675440194,2.6723225631455674,1.116449911679246,-0.5018264217064082
0.46886960254188487,0.5743799659363426,2.5965871986800324,-0.36704399661278303
1.585261214185287,1.0200601107984715,1.219304063964132,-0.5821806746422711
1.3543004655056223,3.29877412695564,1.1306327333701993,0.010539826269491404
-0.05324079863907779,4.476086670776322,3.3078812974038088,-0.7343094261141845
-1.0994618867805037,1.7838764925345363,4.8682614154962485,0.10429141690754812
2.0597658993397405,-1.6850814803298046,3.2736884631278405,-0.03701407163303598
-0.07984636410573946,3.2154965833980502,-0.919601392980405,-0.050514865955046534
0.11018057778135802,0.6109359125989552,1.7239892076428096,-0.5501876234285692
0.9369665419143417,-0.3394644516231834,0.5746945167273788,-0.2669558861369946
-0.9357331991843516,1.2485480302720664,-0.21931289062237758,-0.7409250819355155
-1.3359173093914338,-1.4463366552149877,0.5679281378062551,-0.2176327008151851
-0.7827339115972951,-3.388475640934947,-1.0961355694990331,0.4785512536447934
0.3920621165837422,-3.2431374523795586,-3.5939682827207533,0.7685938815075039
0.8678761000651124,-0.6207149882861179,-3.8021001075755803,-0.37050168744697304
0.3358456728858239,1.336303105457291,-2.1517846442279684,-0.5719083731669327
1.0549560947192937,1.636198231245062,0.09337996166680372,-0.24427910778279283
1.426326976900034,3.1222554802684512,1.5702162073358286,0.7204137985325982
-1.4874711933807585,4.463489005801916,3.6423700676525623,0.5158069314815483
-0.10497668468466637,-1.546220506878789,5.401986380495801,-0.4698645805023923
-0.6193173246231977,-1.5002648186515772,0.28514978998671436,0.03673002800133374
1.9753431178455254,-1.9010805931359296,-1.409770140359388,-0.7427269759656023
-0.9448896176022599,3.0280651191322114,-2.1487404740986005,-0.7912937934252431
2.4274720443376094,-0.3825405265625229,1.3110974979040486,-0.3840001810244279
-0.7663886801111608,4.869694232613195,0.4923810892792872,-0.6159588281287351
-0.3111992442315934,0.824391454596037,4.187513089935481,0.3367181139184301
-0.02642995474069754,0.06484303153868752,3.015546212997935,0.7214616450102339
-1.526585856687684,-0.033993785442079844,1.574235799181628,0.06935608410064259
0.5265572504935742,-2.8026925149499573,0.9475585665252082,0.317544772326511
-1.0601538975982672,-0.01349809326917989,-1.8767694627718998,0.5725101652198556
0.1212405446770433,-1.8569661369664159,-0.7041742734346478,-0.6942414520289137
-0.029831080944547807,-0.4477470439918643,-1.610839709440354,-0.6642344741671158
-1.93600112908413,-0.20180805754113804,-0.9870302799384464,-0.39411384199461574
-0.323922473928551,-3.2635749211276255,-0.42541191130445544,-0.07090710854998536
0.7502011249463191,-1.4811247862251116,-2.4418273185045893,0.1145552715887189
-0.3166228050618577,1.9047270043833322,-1.2404104850230553,-0.06238586771509105
1.5275320647572548,0.602862375606519,1.6373693176608026,0.5386829269129799
-1.4226006487830172,3.7972958553834957,1.9433658202608741,-0.5131570368379561
-1.7630855942339292,-0.5340287216093843,4.913323463197673,0.31193189891859263
1.1557510374984181,-2.9191309790662587,2.381226711261389,-0.6210647668986566
-0.5350294543083745,1.8205681976076968,-1.1878639604145218,0.12202762105013404
-1.2107735775251085,0.27099197760811966,1.7389708616907833,0.5385930696324053
-0.684583688827855,-1.5123811876596316,2.0563115508013654,0.3456839276793784
1.0188112432067427,-1.8808444662647994,-0.17421389398866183,-0.27914611343095835
-0.0057675461827832435,1.2638830720710028,-1.7606224159379433,-0.8184758736073178
-0.03402600268307527,0.5412953303761837,0.1939811772402952,0.19781461365810765
-0.72539425762824,-0.4344621893933213,0.5635217489350615,0.39381513555397063
-0.16112351745637007,-2.0250796964353976,-0.6615234440210034,-0.3149760305230276
0.3717676405528632,-1.5345698389433666,-2.3562667125698478,0.28905086150992787
-1.061192189335421,0.37670089937133455,-1.9907261830906093,-0.2818358674076902
0.016505176200309918,-1.6641748677527226,-0.2892599609242722,0.553462480821094
-0.7221222702285907,-1.0845340329822764,-1.4839568393808908,0.17715383774829416
-0.600696627769337,-1.9462800582274153,-1.9019914786075813,0.39241503344301376
-0.7424695604235784,-2.274984306263395,-2.6216131009269574,0.2529113566966685
0.40236534841982236,-3.0504816570213977,-3.471038287575021,0.14528181213579736
1.4255413723710189,-0.8611314044858608,-4.114837862513759,0.4859531030169884
-0.16037663594526336,2.5546152661089385,-2.540245258763159,-0.43770253834787876
0.6101305037971094,0.9136844424838069,1.1513120704706161,-0.2624617133457963
0.564742258490407,1.5608687246551651,1.2718556287750262,-0.7504589542135711
1.670280420787749,1.4259862404011896,1.363218255189581,0.444404915174694
0.5605282752728444,3.6330448030299096,1.5437427670334691,-0.07199902407997663
-1.3432844521102028,2.925015422204831,3.543494346471971,0.7727930567059103
1.341115611681286,-1.6350182566811615,3.8801822493921376,-0.18140913608267745
0.6211975594529023,1.7390206377356596,0.24643043453740343,0.4626229577401464
0.38749584781446095,1.9553063736348895,1.008021708902543,0.49962692645802176
0.7831365352724501,1.4095698624107695,2.081971381778918,0.18109519909991995
0.46114639135983565,1.9845154694723581,1.813358146928412,0.25974820150856837
1.3421822947732187,1.8554035338814756,2.4496429070137005,0.45928107700551674
0.2294564744446623,4.0587108404195416,2.8961501186677494,0.4873727758609473
-0.3907709421333212,2.573121805511902,5.067818359982137,0.21444944224740267
0.6625981504252507,0.6440935063488857,5.078145373911339,-0.7252911598589998
1.918164394628769,2.097955313758561,2.4572931724534284,-1.3968639309823465
0.4461378272397865,4.99602099546049,3.1488443859580264,-0.1928552874642614
1.7497539194462957,2.502385850230827,5.120094852094645,0.4587200190083857
0.3934158051805228,4.8312207858515395,4.601505067442766,-0.46283063116657164
-0.3322621562870741,2.9202085618115223,6.178568409498735,-0.2508643600764515
1.002031993310248,0.2768761314111397,4.789086462285168,-0.18572443469687053
0.38614690099219057,1.7990300713756253,2.055963814222607,-0.08802075332825604
0.2315468252783205,1.1691926565448552,2.52706270506759,0.37642371189370605
-1.7339224032296623,1.1775659996363868,2.165263183401322,0.9733469877381022
-0.26902583122665236,-2.9681331738116215,2.2535449758875976,1.2539703834739944
-1.846996177190627,-1.7589034197742646,-1.503161620930452,0.5503858245075947
1.0128137051953732,-4.7201390153717,-2.598869322901768,0.5180718317141694
2.5703219809445987,-0.2859652488332156,-5.322447767763109,-0.46924718622313033
0.1523003725473193,4.859723680247659,-2.157785120717869,0.14055032816191837
-0.5434503273034238,2.277239673104744,2.7811050309977112,0.6509915213889599
-0.3361246026263436,-0.19658395943975887,3.094514025594126,-0.5711986321065621
1.1323159425473455,-0.9489785741024552,1.010575996869769,-0.022396701741938196
-0.7360079001897717,1.8919202496059664,-0.3102349205541766,-0.07722827179434263
0.23857611005047125,-0.9888042392123038,1.2023816282406592,-0.4663913233478076
-0.595703275413406,-0.5231017816101826,-0.7587138534248995,0.7071696497738198
0.14948410073950924,-1.400886627519751,-0.8880395278972465,0.990834383888324
0.11676008787256639,-0.08986983662724185,-1.7307359238408098,0.630272452948119
-0.5178000026979704,0.5788493131370551,-0.7160680671563179,0.3186813520912541
1.1266103486291923,-1.1024943738794843,0.1559065867996303,0.1893496987622913
0.20535568225145748,1.9309559308896205,-0.8691800361981015,-0.2836624053115419
-0.31090667207257267,1.5525286699343108,1.6853946196289507,-0.3446321599694847
0.4664928167495073,0.808983294891799,2.787763015409172,0.09664986603145956
0.43846362477666,2.0735379679197044,2.5293113169000176,0.22400286929638485
0.5076617688887175,2.9237207054812773,3.4304879399949244,0.6058726342343994
0.2023181805583551,2.43491462751326,3.772051787948949,-0.07241821856445485
-1.426693421297779,1.5118333562242663,3.832246212001226,-0.3310068199412369
0.9621645431462449,-2.0570894079813407,3.004258557076137,0.5409983040038888
-1.454627597036103,1.2119531466561255,0.027599672808637538,-0.12318100934518489
1.1991704686772062,-2.3180661013517843,1.3923160849696574,0.5350207271002917
1.3247369656272514,2.309126174247064,-0.758014810679273,0.5246324049643922
-1.2793900879214963,3.9612126397169867,1.8652980112619868,0.8438291928767996
-0.36219113405498116,-0.43630715728581093,4.714816695185521,0.438618123429614
0.8971944180330614,-0.29095221381903663,2.5560204787260457,0.12384027082907859
-0.21669325405592046,2.71542168080797,1.7068201000296341,0.35614690073668864
-0.1621345066439178,1.7147371604373405,3.61079863093158,0.26359378802794375
1.3666791787182826,0.858033150239826,3.567254363338513,0.9572255063937469
0.05826438725148733,3.746403199783736,2.8123076222975896,0.5953508746551256
-1.2043669485340438,2.0585814549994788,4.876925272997833,-0.30229262112771027
0.5289355469578989,-0.7589305879287218,4.712657908663546,-0.5123040199344254
0.7641082236837743,1.409762848002503,1.6788723398385312,-0.15908973667772586
1.2246293575998046,2.5663310306657894,2.0111263720901933,-0.9991579269341442
0.6953771478606484,3.171094009825552,2.526666357178966,-1.453618216610649
-1.448357837970381,1.7811650127968524,2.5971601075777295,-0.17867138768648694
1.2213561293133421,-2.5334471089986916,2.2856621685908545,-0.49734211562078534
-0.1998795870983077,1.5794316780271875,-1.1082887953092586,-0.2988166815187515
-1.402095996042765,0.6693860285829294,0.8611840088576894,-0.5395368289985528
-0.16135270436911373,-2.5821897096667974,0.7419324555912329,-0.5374652673944584
-0.3139424547478518,-1.7700612045368131,-1.8076120300142113,-0.7786985831031709
0.22511672703840255,-1.2522818074533384,-2.1973088830112557,-0.454955701830108
-1.421728741448699,-0.29225668822858786,-2.6425330065051607,-0.34446234119334124
-0.8676236302270486,-3.1693461444999533,-2.139362153436539,-0.6791432897509837
-1.708087705413325,-3.3920124062663515,-4.27721569343135,-0.44688712442733436
0.8546730864913044,-5.148238141634723,-4.759063873492804,-1.346916302924312
-0.6358025565476308,-0.9869676702137659,-7.1673980535974895,-0.8922668635611927
-1.3443948032833053,-1.9701058537540794,-4.485879278997597,-1.1631191481168623
-0.15829917344972547,-4.049414941250319,-4.32652452705843,-1.005967559126249
-0.5368691328707993,-2.332862637525078,-5.315951695442622,-1.0792460685093486
0.4990226007177441,-2.081416412529487,-4.274953024715351,0.22783874674644977
-1.0838962896056503,0.38609225329324404,-3.4693303309172765,-0.5407615671352755
-0.8942720041535557,-2.4615258528174953,-1.5731269567827162,0.7284875160450772
-1.0730001540983543,-2.2876366305410802,-2.2047883761472518,-0.2855889747624062
-1.2893351974019516,-3.287161303340388,-2.8517113624710553,-0.32459344748698243
0.9984679046229995,-4.101028281869749,-4.197275439698356,-0.20056896467173888
0.17461184750120493,0.49276879667222495,-5.261545897704256,-0.24143635983792977
0.14587197828259946,0.596407186927177,-1.7207503216377347,-0.483402994226579
-0.43679556010782966,0.6249913275630121,-0.21400477254761158,0.7333612905483469
0.7817402280478173,-0.37020640723339776,0.35771368075415094,0.6488760122059836
-1.470215622097479,1.0873507277451917,-0.6708694760606072,0.7249098735824784
1.674684666741395,-2.0714533947324223,0.6010375269735404,0.5763885358054113
-0.6775091168806363,2.963153223454927,-1.3300755205997246,-0.71325077886918
1.7634923105597426,-0.4134206512212397,1.789608663617288,0.6546014970333097
-0.636569327379835,3.337773760426867,0.8690777206031863,0.39631736366382986
-0.06678867882881083,0.6071595983789653,2.9718490003894185,1.2595800295446236
0.2442782822759085,-0.1644177527566723,1.0210507999059193,0.308871236383825
-1.9413141205973408,0.6344613693140564,0.047382751038815396,-0.020698473840110893
-0.23013619311163766,-3.2792654630785845,0.44220787956637997,-0.09718445979959613
0.848406448962838,-1.6406179736362132,-2.115981924468323,0.22362928965130868
-0.19316067693862857,0.9825465379504883,-1.7144213201280976,0.09149360138983131
-0.6255046518957602,0.5351709665073864,0.38597760060440656,0.6568831059971406
-0.6616243924638191,-0.9760272692745687,1.0984542766129302,0.8133181829485572
0.023864421189582014,-1.5924334878917847,0.019477174075055642,0.2983708434790514
0.8645851955276563,-0.0682824598224191,-1.1371875034662857,0.11418127697776001
-1.036726846758685,2.090445749184591,-0.41156318400194575,-0.20253374253177864
1.2553824609077604,-1.4180208033065411,1.7682046951854644,-0.5379385570100571
1.0072990673581124,2.0330877042829334,-0.10776940390231934,-0.5815909918196637
-0.9835804969268109,3.2310645244531426,1.8213768063905265,-0.6014250842409671
0.4288032178339101,-0.6248566854212348,3.4296606906269416,0.2349095846466231
3.1018858037448633,0.351357288154705,0.9597018958637176,0.06786216099828252
0.5633988376627469,6.427899153101582,0.4411277220061677,1.3232892611698928
-0.9558825880279255,3.5582912144156036,5.263427064122289,0.7649309109894525
-1.1452279708867228,-0.5624067239850422,5.4138650916854925,-0.5151387421555192
-0.7175004222282269,-3.0372307021570215,1.8785695322619005,-0.40233216962547524
1.264779847050035,-2.5811118097307637,-1.3846892979719658,-0.944755454006812
1.9484265541011465,1.1755145939212976,-3.0871204605133555,-0.5505991062209882
0.10268977095446595,4.797524672349099,0.4386118051390413,-0.5543307647809208
0.23958364414552194,2.561644168378272,4.390027642163399,0.4147859649761817
0.37933916628423964,2.3365381874279754,4.612474845249085,-0.45299245919682984
-0.8044978195424114,1.901585888918429,3.986390759717162,-0.7418348545931968
0.38301315045168366,-0.38316190637930625,3.2503402148282414,-0.8164331212139857
0.7342234990261364,0.35530912954697813,1.2819229844531983,0.12438766090733067
-0.5234466424801542,2.1919375282880598,0.8993480600459782,-0.1048049125935181
2.1203702490425242,0.10803610668687126,2.279019413781219,-0.28286202083936157
0.3234740834923381,4.414592144309998,1.1417468925475582,-0.18435144269460832
2.0744513948094574,2.627842799404762,4.454195568255956,0.6413674508401145
0.3853159514734912,6.156416025201985,4.62952753881591,0.3477436504039133
0.72166195980949,3.377757791059509,7.3492737171721405,0.7331243980258396
-0.4349584991361448,2.621194378635825,5.932434145102337,0.2787010659423104
-0.3147719499179916,0.14847296241257169,5.211362963672576,-0.6454282243150103
-0.035978696191495935,-1.397120687961627,2.2124311116666395,-0.03453844410219403
-1.1336916855468007,-0.9299067143328302,-0.5496313370275114,0.6020731650575835
0.3406220284912099,-2.348754429372201,-0.6622229386266572,0.4339697012246738
0.1676514647267018,0.03274494590406544,-1.8611726739238703,0.8582693667175852
-0.45355157730561674,1.0332635365448528,-0.22343653855623652,1.2036349017989212
-0.6643381795729958,0.0856408589626915,1.177339163329592,0.7265203602830242
-0.27624838521399475,-0.9493545689073424,0.6806392821168438,0.7774969502498493
1.45727086327856,-0.45468359804772684,0.0072693725238731285,0.7831984011046792
-0.047717018170430385,3.51266604376092,0.4788638474501167,-0.6220105184969185
1.7238938281238618,1.6987981315689622,3.5131779144739803,-0.011033144428003683
1.010524020326713,4.23666665499983,3.259639521485269,-0.21596041819381004
0.8679799343482604,4.369124693082479,5.313843972520797,0.106836462754321
0.16307020793270105,3.6190017988867087,6.155306145635531,0.5456302012305425
-0.6869284998617177,2.1720883370789372,5.705474467316972,0.5068332572295506
0.4144233294786382,-0.1170268231731185,4.630633511923044,0.3882277150120708
1.0993517422876555,0.7235681797592941,2.1106911725593704,0.6732316391266888
1.1526828774815703,2.2381658677354554,1.850969991587486,1.1559748999950636
-0.3182064721325846,3.481170528678526,2.9099125072707435,-0.1434224448611532
-0.030427164902642686,0.19325234331555263,3.9070542140527897,0.765115376060598
-0.12607553636990937,0.03438047123281804,2.043446205019108,0.09197040243709453
-0.007436346645589392,-0.27242577288727154,0.7305172511226581,-0.8195760613268089
-1.0110037937149083,-0.648848985523394,-0.306760382676311,-0.6364601543234583
-0.45827766831728356,-2.160366519654256,-1.0050238797073918,-0.3881509208898767
-0.44679740613887026,-1.9973284522880055,-2.508657282478857,-0.13243710221001181
-0.6470166219514599,-2.23044374006011,-2.9976624420540197,-0.053978957874387334
-0.5241829062550026,-2.647904622439072,-3.7678874357174506,-0.14737842323740807
0.6417106490138536,-2.476732299532833,-4.595904702962711,0.030391448721344513
-0.6284376011821333,-0.37379040962343707,-4.511931397403095,-1.2332500652444587
0.08153027923148934,-1.5111199048509243,-2.7729887620328517,-0.6944831742751711
0.3924989370016137,-0.617416861294145,-2.5079491699073597,-0.7357273938533171
0.3389618992411148,0.6133206169741614,-1.723681932063568,-0.583677206224667
0.19877067748871843,1.1046424081010535,-0.13337740722825842,0.05297866794438205
-0.593156507338082,0.753658337778617,0.9144227649428703,0.038963314937694914
-0.47441459536584457,-1.2652308685915046,0.9374123486259658,-0.39708700339621333
1.0716318398890723,-1.1722970452223074,-0.21227831316279488,-1.1236207040470734
-0.26477177090473386,1.5749436588745875,-1.3176298810052078,-0.8271839220338522
-1.1837213277652818,0.28211900411074897,0.3216726669089568,-1.278068001603609
1.7727899230910438,-2.7602783297708786,-0.10838702838069256,-0.4129704800173428
0.8193409201744406,2.6328526010281665,-2.0001465328175914,-0.7702940429502778
0.6236763264791144,2.2112916550834756,0.8852649820450187,-0.6727579353398379
-0.7853075926357327,1.4176519546817943,2.0412831868780037,0.49749463545002715
-0.34372867153785464,-0.7099143152295433,2.2844786675551076,0.6743006676752894
-0.9915503125746948,-1.2064271073999486,0.36251569758355606,-0.2022850856429252
1.1219110690741252,-3.153935008519265,-1.1189325192677322,-0.40384883536694177
1.8313003205774008,1.0159297615197083,-3.1967170261111346,-1.085599602240051
0.6761373847768578,4.166532528954876,-0.8486079877053182,0.2954841197509167
-0.778174284277866,3.503185421987655,3.3966162376948748,0.9026312003486577
-0.36921329146881043,0.5199885507406735,4.875216061150622,0.8444495535158618
-0.45385985835418646,0.26109522684688036,3.36367194724841,-0.14011339790675392
1.3823274458964647,-0.6198672518860712,2.4069010742195887,-0.2539773876324213
0.5181848827845018,2.631169651938498,0.6429222954046235,0.8958537364104758
-0.09480855938998854,2.5161798395382036,2.74119110980233,-0.124531584870544
-0.36593172704714716,0.30312959463924855,2.9559852247613096,-0.6210947920875585
-0.3754001639752333,-0.7235882653654863,1.6174211229063895,-0.16375544459130173
-1.5655272274684384,-0.9634034048732716,0.531349178009149,0.6699875666832193
-0.452440339512717,-3.363275650081006,-0.07109161018519222,0.9144463795566966
0.04997597470659558,-1.9063394700466605,-2.4194341055828072,-0.03440134208970036
-0.6163570532651123,-0.8137223113440112,-2.094698400316944,-0.08330002601416979
-1.9792524766837778,-1.5512696387709588,-1.7825133532914044,-1.3246548832247964
-1.1382639842752136,-4.5100641737665965,-1.9075741615323856,-0.5287448426936023
1.7741822235037688,-3.7936698610684783,-4.34007509881748,-0.6860039903225932
-2.661965337157328,2.3041862747955086,-4.723112651588156,-1.90873625626458
-0.41958384265100146,-4.601805489669004,0.049521590800980286,-1.0440926832648627
-1.2949669784744322,-3.1833716601642608,-4.23573569672135,0.19896597228235113
-1.44246685084566,-4.114717648257413,-4.451571038544923,0.6529748793815102
0.7597569730181432,-4.782074512469994,-5.448740925570502,-0.07878379335171515
0.7952302186437133,-0.9693125033974183,-6.776162109917218,-0.23250010360539464
0.9940731700058961,0.7876634803267032,-4.441224794672291,-0.6534630306165123
0.09226560014317738,1.837890052486268,-1.9190696526756486,-0.9612047742868082
0.4662251226514788,0.697152611518624,0.027072939183827388,-0.9468133358357054
0.6304252879801651,0.851083891709229,0.500302615013382,-0.8171993418742747
-0.41708822714195104,1.439237937607186,1.2855947589152206,-0.6158379871957884
-0.03018485714585262,-0.4624824938521507,1.7496420690557102,-0.8284079764090682
0.8130357368876219,-0.07838927088748844,0.8345744537159341,-0.3978496254427552
-0.19252656952325795,1.2884790657463716,-0.2318671154979542,-0.26429974138917967
1.199554469825827,0.1386869151378755,1.059428852698812,0.8323784142178454
0.9511651707789268,2.4466976973616386,0.6125854856742922,0.8109982010321077
-0.19110620977990994,3.7704368640384445,2.7337361745069115,-0.7315359320214907
1.4443437020934313,1.7639772569774301,4.622492422458952,-1.0232136686875033
-0.2886148787694938,3.2762036241291517,3.658732304010543,0.15935768042306286
1.6096310570316332,0.6853804745757941,4.064522233161598,-0.19208864734176678
0.7402843336529155,2.8260774277393077,1.8470474403268287,-0.4371317795228485
0.696207461836084,2.0768280871899276,2.411036397729547,0.30078824707090757
-0.890608297007585,1.926553965722379,2.3391943129231962,-0.1941599120924713
-0.3338888115114624,-1.8331074926612736,1.940947134500394,-0.19461435372078756
-0.6615788844235619,-2.193210822390535,-1.6443136179819204,0.6318802554577035
-0.6003824289163511,-2.752931407000607,-2.757056687068303,0.7312034893620236
0.5066059096794557,-2.157347223961874,-3.618797843670416,0.31193690558553
0.5565591280933229,0.13308464091154287,-3.84974175892167,-0.23844030324770976
2.018265543792186,0.7880138340844449,-1.918183588581494,-0.3437847653852951
0.5190707129218126,3.725120920005961,-0.5709256534006072,0.6913589490542396
-0.5743441084772188,2.486293109019219,2.888142870044333,1.1280194295806993
1.5790031115898886,0.6023719708183324,3.42523782034548,0.8397447699778894
0.9611572137178506,3.7203992956217973,2.571186811800891,0.278907500919112
-0.9123181245536214,4.045807425321769,4.731025288380292,0.32167123764350164
-0.08737127049316686,-0.028940507786586245,5.837597567218588,-0.16962109529017805
0.8318314520963794,0.0690612571605065,3.041010330563198,-0.36668081354170984
0.3797428756279606,1.1948077406205018,1.3070739407190197,0.41790555176227695
0.4184493689849223,1.3074598409155316,1.6098660430381886,0.40225659241414646
0.1860828936902982,1.3081776870900441,1.7805329214417285,-0.5258365274470529
0.607292224986444,0.6732367296193126,2.025031437002757,-0.20623243264485347
-0.8014794007430242,1.1838920904606423,1.2612655416126102,-0.49885015118357284
-0.3514032680054818,-1.5247752163173067,1.1618605436690763,0.9794948096025013
0.8426872039772633,-1.3151375459451795,-0.9234086092452097,0.08370270068080193
0.9729894374492074,0.5465939135825812,-1.8692095981001005,0.26349632513441423
0.8504872032019086,2.0434878406177126,-0.5478476684027533,0.2509142537097338
-0.41608512126652875,2.848565160414496,1.8689313196252557,0.30684134889270104
1.7907227386811706,0.6639151967338501,3.4242037182632195,0.09781724260541397
0.4443934035776708,3.880129542911611,1.9960776168123826,4.940621761496955e-05
0.2522642640034325,2.9321832242470807,4.249268566075249,0.102137636230506
-0.5289250591457441,2.085687267971273,4.26925993248201,-0.4798501862600608
-0.18814268513809665,-0.10820549086605386,3.707843511544524,-0.7699321029013013
-0.5243766669379845,-0.46067506593451757,1.435837437183274,-0.8309473099287262
-1.1282107057057502,-1.5825373339165099,-0.17933598009317286,-0.36819533215014827
-0.08509497042491564,-3.043472625569117,-1.6440245326541862,-0.6401578377637396
0.11411757113861393,-1.7154733844544126,-3.797801078956568,-0.983424066779218
-1.1226231885883153,-0.9151344154248008,-3.3806569676986125,-0.8797680870929802
-0.28966454982543055,-2.987355175058622,-2.356981898751775,0.06551136328034712
-1.3124388522005235,-1.3677997834021651,-3.3256102709191793,0.24950605519878324
-0.10121355801591768,-2.8961210593822977,-1.9188140175990211,0.18827364280337167
0.07277756994154895,-1.1707141126005463,-3.3005247382319007,0.6951032078158892
0.6159499371480742,-0.3331702894938262,-2.4133160638198894,1.3135528503249254
-1.0167595748385274,1.4891745744766456,-1.4450263225054467,0.4275105973298091
-0.44741914418967715,-1.3641799571775182,0.2938742550758462,0.8596569125244784
-0.6061869476341336,-1.271637820340017,-1.3155563512829962,0.9984242887514263
0.27029494670783055,-1.557295880341805,-1.3867762784265976,0.43667321506028833
-0.5551717243497534,-0.18233263480441553,-2.048708545390932,0.18087647387074338
-0.27992782620285456,-1.0197010223327143,-1.2262767065976812,-0.32857553288639363
-1.215253464302734,-1.5385377670468112,-1.806466072775226,-0.26562506113505324
0.8303977491075424,-3.100690139592584,-2.2414548196559814,0.5134258843333364
0.06456797438739051,0.404268036825441,-3.0378594199136217,1.5293956445742884
-1.0229499281807124,0.6671774599806074,-0.7066810655370658,0.5986685653704245
0.55623913497328,-0.8049558921676492,0.8626364352349446,-0.5994257059037238
-0.10485738778303354,1.1275344319264198,0.10997604991013331,-1.3915028677685135
-1.3427539492825105,0.5956225469982745,1.3373095050266148,-0.42958412976804056
0.0790998205458215,-1.99788527405538,1.7049511658100809,-0.45658934856562083
-1.3802426433111632,-0.5650275859660764,-0.8593286418441547,-0.6891835575606606
-0.25652555734260035,-2.9399941020217923,-0.6178219408530059,-0.4137641400678056
0.6963308814017153,-2.1986430397545407,-2.8773268665605336,-0.12596339588994682
0.3819630334848083,0.3395022206458393,-3.1158710965548964,-0.7404570364725713
0.18414697291157353,0.3226164856947841,-1.5936051833303826,0.3663117697114698
-0.582550143348166,0.4801335844972937,-0.3624632899821988,-1.1829651373908727
-1.7502154648460704,-1.6573857430070649,-0.5681844341540405,-1.3114164316647527
-0.1492330851799887,-4.579805434023837,-1.9967536825006937,-0.44668379029909766
-0.1665983076496178,-2.659558581113489,-4.677429764493179,0.2784561035309011
-2.1862932456269317,-1.5999207095657602,-4.60670742716436,0.6925683140719661
0.5248903643169941,-5.309613579970456,-3.4102900960627727,-0.17588884306785735
0.0077383344216193865,-1.8972634835987596,-6.231698905929219,-1.2651095518660158
1.4695706957615102,-1.1598366326836187,-4.620274814116985,-0.9833201017535158
-0.7991438330284719,2.424991188390632,-3.226297626589054,-0.480745589274912
0.19410410804883196,-0.44348116430124296,0.6732930554785055,-0.07620778835758765
0.18086342465483146,0.41877674063768683,0.4631515018487177,-1.2288023103643861
-0.3922536181361517,0.5190292520634234,0.6326444420279631,-0.5067051587868062
-0.20452153917319804,-1.5622546423368664,-0.13290755638764268,-0.9094753685316428
-0.5134962511980561,-1.7553082059327874,-2.652637637852636,-1.3954869624183521
-0.7264696045288699,-2.662436625564223,-3.520787281631757,-1.686498570857581
0.30097927443815886,-3.022255603652785,-4.437362711396744,-0.8484256953627117
-1.5029410872472406,-1.2883176261494789,-5.08526438212077,-1.785773170595046
-0.45987781573702197,-4.005479352559871,-3.578472413530522,-0.7717357339910906
1.552367006662473,-2.648887359755452,-4.408907428308167,-0.21374920017082985
-0.9747824088486532,1.5706415499820972,-4.614542707646193,-0.3154962573853426
-0.22547203470023827,-1.4076922159366254,-0.945490305108736,0.20529597319593304
0.7531123008777751,-1.1960271743630213,-1.3834721696461212,0.1942721527741647
-0.6095578522636356,0.98834980827172,-1.6465211060309448,-0.29706150862995606
1.2659435841485986,-1.2085327014208462,0.313156071326701,0.1138118378403408
-0.19268762608682777,2.1522633075829294,-0.44875085311358626,0.011478646831116796
0.667045547583653,0.9190508801827628,1.6484867814290372,-0.8869961543077245
1.9763887368311992,2.117311320512819,1.6871223655386394,-0.9663394182883056
-0.013754379609230549,4.646656970967523,2.5641577616593523,-1.0728568370065479
-0.007099761909142564,1.762268783410438,4.619534695585431,-0.8611638945582707
-0.08138520448221714,0.8408477159712799,3.297776516647259,-0.6761927278723439
0.8321321614571173,0.35173826784477796,2.2097846131252723,-0.49941382665971973
-0.8318869496638158,2.05018781306635,1.1219259525520329,-0.2724250719081704
-1.844496993811034,-0.6310792299642676,2.6460015954955565,-0.34058679940134917
-0.410222994189519,-3.7012040160411304,1.1687519775402073,-0.06749339139126265
1.225756448723621,-1.7918612961353957,-2.228879793163401,-1.138105663334794
-0.019704855845401752,2.0153939588648964,-2.392396886414089,-0.658907133738579
0.23077279495527736,0.949990966906213,0.4144109688447562,-0.7569812731924215
-0.13279645294065934,0.9682870625549366,1.3165509532870479,-0.7635964517907178
-0.605639751658333,0.022421397958080902,1.4832975305090161,-0.40666095824677856
-0.28709680819556727,-0.9087814755198381,0.6299742182460395,0.04245281609672896
0.5033173640541875,-1.0031325370694175,-0.3021114481893796,0.15162315978028346
0.8180277537237719,0.6040653108122557,-0.582230401264,0.5578404784209089
-0.22398216374577085,2.192243987752296,0.6144115603012429,-0.9037766655630949
-0.5635812371039258,0.38256300352529415,2.302948136640549,-0.9495134710526288
-1.157128648593915,-1.0393800700530758,1.0317370256721228,0.13091028418070583
0.5493379184464988,-3.097621401711363,-0.3469133109732545,-0.961071746211186
-1.0842796008353577,-0.6338641649542378,-3.2924630183795056,-0.6749251070920803
1.0784360764086802,-2.5552659379044202,-2.0043640108618286,-0.5894510480831524
0.43970738841463686,0.6789740302474955,-3.1857503602160664,-1.5584631387315517
-0.6886720403226348,-0.015286118506907809,-1.652957022495384,-0.7640467951232862
0.22372415832620401,-2.5429870905995173,-1.5016676291138706,-0.6910528670172551
1.4173333834343511,-1.0760528648293568,-3.616155286342566,-0.39910913858049485
-0.5404584760287566,2.309628133511075,-2.812899310049014,-0.34032883480045756
-0.06470008154952371,0.06527494456750096,0.7127662178998851,-0.013836781127445075
2.150219214422729,-0.1228419962547011,0.16709617262535476,-0.1176056884767833
-0.16062114012076936,4.130752293026629,-0.6172745819931583,-0.2681869558219459
-0.8694084448546713,1.1292532663082868,2.601766024899278,0.13364709666099808
-1.2605940187998574,-1.3172340560849998,2.096635526250419,0.2695192086935051
0.7149271341004025,-3.5465664738220037,0.07099468613420229,-0.16643674050077042
0.016762457261947625,-0.30011704665273337,-2.8299239661009596,0.40634270855634175
-0.19041175701004545,0.05020434639882551,-0.876551033303661,0.7995979880323228
1.1916714356246376,-0.23148518446490804,0.2886558888151507,-0.15381980606590578
-2.3860414723640693,2.4192989673031615,0.4074808467964023,-0.17988205056474882
-1.4973467487202679,-3.3468935982295966,2.6994342561272564,0.1963864121878252
-0.7422666371576447,-4.210371259521131,-1.3891865723748051,0.194266120895841
-1.0242252710980422,-3.4807305055972733,-4.069475947236583,-0.0733174272202809
-0.059500528286736874,-3.7893279807729,-4.9302628244775715,0.49099909704474737
-0.41133423227029803,-1.829566354177921,-5.130555255614924,0.5292554846419433
1.5209537333910634,-1.6549446503481577,-3.7008606870381855,-0.28594334657403564
-0.004178793412658349,2.34440288167502,-3.066924767817735,-0.397109328967849
0.7960506174863278,1.6463044740875339,0.6993112025424738,-0.3262879426062274
-0.7429207679090358,2.319860645447549,1.3038708375290482,0.19122489703202725
-0.2618271931357455,-0.9164144326654089,2.202781587142259,0.024098482879973987
0.5834681266318139,-0.9395425033492822,0.43588176269563594,1.1480604502265843
-1.5977217178742416,0.7817874330778996,-0.7995824807615891,0.638769831209173
0.8981717905072897,-2.5849861951358246,0.19864802382736085,-0.012983774104597445
0.7684837373405985,0.3638608232835568,-2.333683247989273,-0.05201164512219311
0.5991741567799889,1.4505457914265631,-0.6527583723479107,-0.007519555246630779
0.3175181785028984,1.1041535745231434,0.49777491278874136,-0.20165781265078234
-2.192539841204418,1.198252007432428,0.5999646694837405,-0.881742469249243
0.625208259599904,-3.935142878206565,0.8959243529047969,-0.8950555813775205
1.5787927398498625,-0.5522545686998799,-3.441824000200826,-0.5579235385692435
0.2138097046373318,2.6054790556275202,-2.0795901295483343,-0.30317497728789755
-0.09001025892361937,1.3292390104113019,0.8512460036151436,-0.3505960481315074
-0.5057421045769407,-0.10236864759093059,1.341619565640365,0.8274188806899396
1.2158293597470884,-1.1659598446176527,-0.003318186291206282,0.22960197111940814
-1.6853718648166949,1.6489682868601319,-0.88159689383871,0.32871722747521215
0.587917945913622,-2.2700487255134636,0.8970505487083487,0.7553960439466382
-0.4933377145999715,0.6224052944729604,-0.9916810090679578,-0.04968224714900715
0.5268665856999025,-0.2807729362915048,0.4411368809219882,0.12455680182664158
-1.3838464938455861,1.5449272186956056,0.15419347763395996,0.2068572498070952
-0.5221104821441878,-2.4445747407568525,1.3945134458643047,0.2960293170303275
0.8821976399431775,-2.2753065951324025,-1.7555941997644162,0.270368241577412
1.5215594095022018,0.5603574546104171,-3.0133109087603307,0.8386589332161133
-0.6336320849451457,3.3555657728004933,-0.47553189015369945,0.6740943195872449
-1.3820215496211217,0.9519864071566263,2.7458288686979504,0.4694169412459955
2.4801563244851046,-2.184565099122989,2.638671798211182,-0.10825537392899665
1.035989473385922,4.386369699975815,-0.43226583786426254,0.24759352835167528
0.09967220754683649,4.192647127464914,3.7654506767184475,-0.5127550449026589
1.2471669173692341,2.085320309052179,5.766617066981427,-0.36143163293058955
1.0256866842334653,3.812041005200154,4.889633100389238,-1.4117416005791588
0.7271692496802824,4.256537638390486,5.599601506074117,-1.010619066975617
0.9224557332362071,3.3354798766147353,6.534741948347848,-0.8221369872973103
0.8600895142660753,3.31762239773917,5.868830371414613,-0.7960791015187447
0.6493491142241571,3.690101559284508,5.893581431072548,-0.9626309191027878
0.47707759093021124,3.0338695024310978,6.096398081570605,-0.03948245065793937
0.634379654495751,2.849780708605465,5.740795224699497,0.17441319067370753
-0.19368754164962376,3.1030553178441487,5.510816032020398,-0.7757225839831415
0.7063929516823354,1.2908196379328374,5.177522725616033,0.6667066592752089
-0.6870007339139083,1.9313203153164662,3.409560766169256,0.006915208122298733
-0.15967208282248133,-0.29273282114953597,3.067263694643119,-0.09393923224437023
-0.12512802824473812,-0.36881888808952845,0.6481130899060793,-0.6583649149390043
1.70685792416733,-0.7076639902886493,0.01964670185705003,-0.08128126714593481
-1.0332812273367524,3.217642451895584,-0.8843934429732432,-0.01901136171217097
-0.35196442882450824,-0.8224508889487654,1.9347835853374182,-0.572267383716687
0.5918010189310079,-1.320668331848229,0.2644338305771496,-0.8172207806443244
0.5250641099839399,0.38495214500720926,-1.2648411044353773,-1.076386200580834
0.5761946893434926,1.1283585078396894,-0.1814654676949507,-1.2701055032848734
0.07833645995312626,1.4759264191755597,0.6671971270643442,-0.7803467278178391
-1.1785970500010596,0.8829273883905406,1.8314220422780292,-0.9286546258714053
-1.1368214225134285,-1.9471659879446555,1.4161287148950779,0.14371153403895875
-0.20224008944705912,-2.882118961743069,-1.0129832022744554,0.15672421677922377
0.25269648877761,-1.2877337331159218,-2.510810895667622,0.0633172867570035
-0.3421523355004201,-0.009956831327616947,-2.1646122680568007,0.36813382219777013
-0.30707205885250843,-0.9664432052174174,-1.0549412672577767,-0.2939825847398675
-0.37380261881297533,-0.9217418646907158,-1.1456482037376245,-0.25161904375356603
0.46892165184105333,-0.9105009669983719,-1.4439068025746646,-0.23437334529570542
-0.07285705542694518,0.24078306316938153,-1.6962005920861265,-0.26219778222420664
0.31459500203114427,-0.2618962593918256,-1.1696957193457667,-0.8426988381109015
-1.2942799496263389,0.4682404809675953,-1.1388542697556665,-0.40229319915858786
-2.4341792984085067,-2.4073516953813456,-0.11030698935075356,0.7864419223541633
-0.5651880282308862,-5.836488121949508,-1.8893402586170502,0.7045089043864599
2.24556942533919,-3.1572187435682073,-5.283085172202311,1.506454214906059
-1.553517542245307,3.4069972216675977,-4.956450168044694,1.5801505252136765
0.9450808526179771,-1.3853179872488481,0.6280085667034196,0.06742830543543199
0.8381891054253677,0.6772726427647723,-1.8104779149575962,-0.5967170663748659
0.09272620522395288,1.4282487158176325,-0.5575308740628183,-0.7401087694594322
-0.568812670082858,0.8949622064969607,0.7758785874332497,-0.6701561961986233
1.3839625661685588,-0.5646754975962316,0.7377126502980669,-0.45268193052271904
-1.9599520832598905,2.82813307649286,-0.28203341348524713,-0.2970799927338839
1.5657704754544142,-1.9686199112640232,2.6180661992197147,0.06084290903297976
